"utm_E","utm_N","utm_ID"
391819,3638975,"0391819_3638975"
391845,3638920,"0391845_3638920"
391868,3638847,"0391868_3638847"
391904,3638771,"0391904_3638771"
391976,3638714,"0391976_3638714"
392037,3638644,"0392037_3638644"
392125,3638540,"0392125_3638540"
392254,3638474,"0392254_3638474"
391200,3621527,"0391200_3621527"
348701,3692553,"0348701_3692553"
348771,3692282,"0348771_3692282"
366665,3712730,"0366665_3712730"
366666,3712763,"0366666_3712763"
366668,3712595,"0366668_3712595"
366669,3712858,"0366669_3712858"
389228,3720666,"0389228_3720666"
389249,3720682,"0389249_3720682"
358872,3647753,"0358872_3647753"
357418,3648193,"0357418_3648193"
357603,3648359,"0357603_3648359"
357489,3648273,"0357489_3648273"
357567,3648337,"0357567_3648337"
357640,3678389,"0357640_3678389"
389364,3715411,"0389364_3715411"
377104,3601503,"0377104_3601503"
376877,3601797,"0376877_3601797"
378408,3599112,"0378408_3599112"
346239,3680180,"0346239_3680180"
346247,3680502,"0346247_3680502"
346265,3680341,"0346265_3680341"
346267,3680235,"0346267_3680235"
392566,3628682,"0392566_3628682"
326728,3722539,"0326728_3722539"
380888,3600606,"0380888_3600606"
371749,3733928,"0371749_3733928"
371909,3733985,"0371909_3733985"
371072,3729503,"0371072_3729503"
371309,3731804,"0371309_3731804"
371337,3733882,"0371337_3733882"
371713,3733661,"0371713_3733661"
371783,3733674,"0371783_3733674"
372179,3733793,"0372179_3733793"
372377,3733782,"0372377_3733782"
372435,3733901,"0372435_3733901"
372507,3733980,"0372507_3733980"
372658,3734072,"0372658_3734072"
377255,3731808,"0377255_3731808"
377287,3731754,"0377287_3731754"
371626,3733893,"0371626_3733893"
366050,3607065,"0366050_3607065"
366077,3607015,"0366077_3607015"
366123,3606970,"0366123_3606970"
366146,3606913,"0366146_3606913"
366184,3606878,"0366184_3606878"
366235,3606819,"0366235_3606819"
366258,3606745,"0366258_3606745"
366327,3606691,"0366327_3606691"
366381,3606623,"0366381_3606623"
338517,3742813,"0338517_3742813"
357887,3752617,"0357887_3752617"
358680,3752705,"0358680_3752705"
390875,3587507,"0390875_3587507"
390985,3587525,"0390985_3587525"
391095,3587542,"0391095_3587542"
391205,3587559,"0391205_3587559"
391315,3587577,"0391315_3587577"
362591,3729065,"0362591_3729065"
363177,3729166,"0363177_3729166"
364350,3729369,"0364350_3729369"
364936,3729471,"0364936_3729471"
367868,3729979,"0367868_3729979"
368279,3725935,"0368279_3725935"
337209,3735730,"0337209_3735730"
337701,3735907,"0337701_3735907"
358979,3752752,"0358979_3752752"
360313,3752929,"0360313_3752929"
336271,3735389,"0336271_3735389"
358204,3752652,"0358204_3752652"
359415,3752828,"0359415_3752828"
361562,3753293,"0361562_3753293"
361237,3753280,"0361237_3753280"
334323,3735210,"0334323_3735210"
334603,3735208,"0334603_3735208"
360778,3752972,"0360778_3752972"
335931,3735247,"0335931_3735247"
335048,3735211,"0335048_3735211"
335485,3735222,"0335485_3735222"
336782,3735574,"0336782_3735574"
403170,3625294,"0403170_3625294"
400311,3642340,"0400311_3642340"
363198,3647576,"0363198_3647576"
363243,3647673,"0363243_3647673"
392183,3727963,"0392183_3727963"
365075,3725297,"0365075_3725297"
365522,3729573,"0365522_3729573"
366109,3729674,"0366109_3729674"
366557,3728394,"0366557_3728394"
366630,3728199,"0366630_3728199"
366740,3729709,"0366740_3729709"
366777,3727809,"0366777_3727809"
334052,3735213,"0334052_3735213"
366520,3728491,"0366520_3728491"
360163,3646925,"0360163_3646925"
360163,3646925,"0360163_3646925"
338888,3743067,"0338888_3743067"
338975,3743137,"0338975_3743137"
339971,3742111,"0339971_3742111"
340276,3741925,"0340276_3741925"
340563,3741773,"0340563_3741773"
340665,3741689,"0340665_3741689"
340732,3741638,"0340732_3741638"
340800,3741587,"0340800_3741587"
366160,3729588,"0366160_3729588"
338453,3742545,"0338453_3742545"
344243,3739321,"0344243_3739321"
344301,3739384,"0344301_3739384"
344400,3739415,"0344400_3739415"
344540,3739462,"0344540_3739462"
344712,3739571,"0344712_3739571"
338279,3742406,"0338279_3742406"
338366,3742476,"0338366_3742476"
338557,3742650,"0338557_3742650"
338644,3742754,"0338644_3742754"
338714,3742859,"0338714_3742859"
340028,3741858,"0340028_3741858"
326018,3706705,"0326018_3706705"
344619,3739540,"0344619_3739540"
344791,3739603,"0344791_3739603"
344838,3739618,"0344838_3739618"
344947,3739634,"0344947_3739634"
401509,3616970,"0401509_3616970"
401587,3616924,"0401587_3616924"
401654,3616881,"0401654_3616881"
401755,3616812,"0401755_3616812"
401794,3616753,"0401794_3616753"
401845,3616714,"0401845_3616714"
401894,3616685,"0401894_3616685"
401952,3616665,"0401952_3616665"
402834,3645665,"0402834_3645665"
402127,3616635,"0402127_3616635"
402220,3645491,"0402220_3645491"
376080,3687820,"0376080_3687820"
376215,3687936,"0376215_3687936"
376375,3688024,"0376375_3688024"
342830,3537198,"0342830_3537198"
342903,3537248,"0342903_3537248"
342757,3537153,"0342757_3537153"
312296,3603073,"0312296_3603073"
381886,3726195,"0381886_3726195"
372413,3709025,"0372413_3709025"
379089,3738245,"0379089_3738245"
380160,3741381,"0380160_3741381"
380180,3741443,"0380180_3741443"
380196,3741508,"0380196_3741508"
380260,3741552,"0380260_3741552"
380342,3741563,"0380342_3741563"
379115,3738097,"0379115_3738097"
344421,3684767,"0344421_3684767"
347421,3730454,"0347421_3730454"
362543,3733538,"0362543_3733538"
370530,3613415,"0370530_3613415"
370569,3612306,"0370569_3612306"
370584,3613294,"0370584_3613294"
370678,3612452,"0370678_3612452"
370691,3612142,"0370691_3612142"
376679,3616395,"0376679_3616395"
376756,3616446,"0376756_3616446"
376793,3616470,"0376793_3616470"
376831,3616497,"0376831_3616497"
376944,3616466,"0376944_3616466"
376986,3616445,"0376986_3616445"
376916,3616494,"0376916_3616494"
377019,3616416,"0377019_3616416"
377044,3616378,"0377044_3616378"
392182,3634655,"0392182_3634655"
392202,3634610,"0392202_3634610"
392268,3634544,"0392268_3634544"
392268,3634497,"0392268_3634497"
392130,3634768,"0392130_3634768"
392153,3634691,"0392153_3634691"
392235,3634576,"0392235_3634576"
392303,3634395,"0392303_3634395"
392275,3634447,"0392275_3634447"
393422,3654577,"0393422_3654577"
392128,3634727,"0392128_3634727"
393458,3654529,"0393458_3654529"
393425,3654614,"0393425_3654614"
393447,3654556,"0393447_3654556"
370688,3601254,"0370688_3601254"
326749,3719307,"0326749_3719307"
370618,3600628,"0370618_3600628"
369785,3600805,"0369785_3600805"
369813,3600632,"0369813_3600632"
369836,3601445,"0369836_3601445"
369911,3601251,"0369911_3601251"
370644,3601497,"0370644_3601497"
382641,3685427,"0382641_3685427"
364885,3675873,"0364885_3675873"
372619,3611543,"0372619_3611543"
372622,3611681,"0372622_3611681"
372629,3611727,"0372629_3611727"
372632,3611622,"0372632_3611622"
372634,3611467,"0372634_3611467"
372642,3611573,"0372642_3611573"
372643,3611373,"0372643_3611373"
372644,3611413,"0372644_3611413"
372645,3611504,"0372645_3611504"
372648,3611365,"0372648_3611365"
393478,3654493,"0393478_3654493"
393499,3654466,"0393499_3654466"
365238,3641216,"0365238_3641216"
365406,3639311,"0365406_3639311"
365481,3640774,"0365481_3640774"
365505,3639027,"0365505_3639027"
365626,3638705,"0365626_3638705"
365646,3640465,"0365646_3640465"
365732,3638420,"0365732_3638420"
365754,3640194,"0365754_3640194"
365982,3637809,"0365982_3637809"
392467,3716538,"0392467_3716538"
370136,3587536,"0370136_3587536"
370173,3587514,"0370173_3587514"
370205,3587493,"0370205_3587493"
369478,3597621,"0369478_3597621"
370524,3600078,"0370524_3600078"
397876,3636701,"0397876_3636701"
404101,3624005,"0404101_3624005"
375409,3617404,"0375409_3617404"
375427,3616818,"0375427_3616818"
375468,3616918,"0375468_3616918"
375487,3617018,"0375487_3617018"
376515,3618541,"0376515_3618541"
375352,3616588,"0375352_3616588"
376489,3617203,"0376489_3617203"
392589,3673241,"0392589_3673241"
357887,3752617,"0357887_3752617"
376514,3617873,"0376514_3617873"
395023,3647881,"0395023_3647881"
376562,3618311,"0376562_3618311"
390217,3622757,"0390217_3622757"
376519,3617614,"0376519_3617614"
364917,3629552,"0364917_3629552"
404140,3623928,"0404140_3623928"
347047,3730603,"0347047_3730603"
346288,3740275,"0346288_3740275"
346679,3730768,"0346679_3730768"
346524,3728966,"0346524_3728966"
346765,3729515,"0346765_3729515"
345921,3726220,"0345921_3726220"
346343,3727868,"0346343_3727868"
361427,3731867,"0361427_3731867"
380259,3611164,"0380259_3611164"
358591,3645313,"0358591_3645313"
370137,3700778,"0370137_3700778"
370242,3700879,"0370242_3700879"
370350,3700970,"0370350_3700970"
370452,3701088,"0370452_3701088"
370556,3701178,"0370556_3701178"
372546,3664195,"0372546_3664195"
380531,3702898,"0380531_3702898"
383354,3706167,"0383354_3706167"
383448,3706369,"0383448_3706369"
383756,3707031,"0383756_3707031"
383942,3707470,"0383942_3707470"
391244,3666591,"0391244_3666591"
397638,3649106,"0397638_3649106"
398952,3649713,"0398952_3649713"
396979,3648808,"0396979_3648808"
380257,3605493,"0380257_3605493"
380356,3605498,"0380356_3605498"
405865,3617218,"0405865_3617218"
368005,3611433,"0368005_3611433"
385200,3663608,"0385200_3663608"
384517,3661608,"0384517_3661608"
385061,3664335,"0385061_3664335"
385124,3664680,"0385124_3664680"
385165,3665033,"0385165_3665033"
382430,3685763,"0382430_3685763"
382954,3685938,"0382954_3685938"
364493,3715607,"0364493_3715607"
388385,3665382,"0388385_3665382"
371652,3597928,"0371652_3597928"
371800,3598048,"0371800_3598048"
372042,3598203,"0372042_3598203"
374325,3597447,"0374325_3597447"
372319,3598411,"0372319_3598411"
372665,3598666,"0372665_3598666"
373498,3598919,"0373498_3598919"
373525,3598855,"0373525_3598855"
373554,3598752,"0373554_3598752"
384753,3661962,"0384753_3661962"
385051,3663978,"0385051_3663978"
383377,3665004,"0383377_3665004"
383825,3665180,"0383825_3665180"
384789,3665600,"0384789_3665600"
385361,3665800,"0385361_3665800"
391260,3669866,"0391260_3669866"
358105,3644423,"0358105_3644423"
358706,3644526,"0358706_3644526"
366940,3706335,"0366940_3706335"
378467,3701954,"0378467_3701954"
379420,3702003,"0379420_3702003"
364696,3726000,"0364696_3726000"
364699,3726163,"0364699_3726163"
364700,3726105,"0364700_3726105"
366894,3711131,"0366894_3711131"
366944,3710866,"0366944_3710866"
379806,3703956,"0379806_3703956"
376185,3625236,"376185_3625236"
384891,3662846,"0384891_3662846"
382459,3700660,"0382459_3700660"
387638,3663878,"0387638_3663878"
391315,3587577,"0391315_3587577"
366483,3728588,"0366483_3728588"
388337,3586355,"0388337_3586355"
388355,3586387,"0388355_3586387"
388373,3586418,"0388373_3586418"
388390,3586450,"0388390_3586450"
388426,3586513,"0388426_3586513"
388462,3586577,"0388462_3586577"
388480,3586609,"0388480_3586609"
365803,3731001,"0365803_3731001"
366630,3728194,"0366630_3728194"
367848,3725876,"0367848_3725876"
363294,3730254,"0363294_3730254"
366568,3597195,"0366568_3597195"
342955,3537295,"0342955_3537295"
310396,3658773,"0310396_3658773"
310532,3658764,"0310532_3658764"
310580,3658671,"0310580_3658671"
310764,3658750,"0310764_3658750"
310809,3658747,"0310809_3658747"
317767,3717056,"0317767_3717056"
318630,3717263,"0318630_3717263"
319493,3717470,"0319493_3717470"
319924,3717570,"0319924_3717570"
320791,3717781,"0320791_3717781"
403552,3717428,"0403552_3717428"
321222,3717882,"0321222_3717882"
320539,3717676,"0320539_3717676"
357733,3648470,"0357733_3648470"
400087,3646889,"0400087_3646889"
335380,3719178,"0335380_3719178"
398290,3649439,"0398290_3649439"
381364,3609433,"0381364_3609433"
376495,3617441,"0376495_3617441"
376507,3616727,"0376507_3616727"
376518,3618762,"0376518_3618762"
387432,3664470,"0387432_3664470"
388124,3664788,"0388124_3664788"
387582,3664619,"0387582_3664619"
387911,3664838,"0387911_3664838"
388326,3665234,"0388326_3665234"
381040,3608582,"0381040_3608582"
367044,3710766,"0367044_3710766"
367911,3709696,"0367911_3709696"
367418,3710272,"0367418_3710272"
367237,3710525,"0367237_3710525"
367315,3710424,"0367315_3710424"
388300,3663100,"0388300_3663100"
385192,3717242,"0385192_3717242"
367608,3710001,"0367608_3710001"
333948,3758180,"0333948_3758180"
359358,3634300,"0359358_3634300"
359407,3634514,"0359407_3634514"
359421,3632710,"0359421_3632710"
368916,3705974,"0368916_3705974"
395854,3655367,"0395854_3655367"
372312,3664733,"0372312_3664733"
375242,3599330,"0375242_3599330"
375246,3599432,"0375246_3599432"
375270,3599533,"0375270_3599533"
395720,3583412,"0395720_3583412"
395859,3582194,"0395859_3582194"
395997,3583188,"0395997_3583188"
396061,3583091,"0396061_3583091"
374400,3601439,"0374400_3601439"
346576,3731083,"0346576_3731083"
370025,3674016,"0370025_3674016"
370278,3674108,"0370278_3674108"
399602,3650026,"0399602_3650026"
400253,3650322,"0400253_3650322"
373783,3600256,"0373783_3600256"
396719,3582912,"0396719_3582912"
396848,3582896,"0396848_3582896"
381601,3700639,"0381601_3700639"
346931,3731760,"0346931_3731760"
347097,3732042,"0347097_3732042"
347215,3732350,"0347215_3732350"
347341,3734139,"0347341_3734139"
347398,3733804,"0347398_3733804"
362853,3677496,"0362853_3677496"
363072,3677334,"0363072_3677334"
364381,3676467,"0364381_3676467"
335475,3755241,"0335475_3755241"
334995,3755320,"0334995_3755320"
338444,3714430,"0338444_3714430"
374090,3600430,"0374090_3600430"
374302,3600597,"0374302_3600597"
374405,3600669,"0374405_3600669"
374507,3600766,"0374507_3600766"
358146,3643799,"0358146_3643799"
362645,3677719,"0362645_3677719"
362746,3616426,"0362746_3616426"
362779,3616296,"0362779_3616296"
362790,3616185,"0362790_3616185"
363329,3614469,"0363329_3614469"
363495,3677094,"0363495_3677094"
366729,3596900,"0366729_3596900"
366880,3596653,"0366880_3596653"
367826,3705427,"0367826_3705427"
368153,3705660,"0368153_3705660"
369568,3706134,"0369568_3706134"
369876,3706179,"0369876_3706179"
372649,3664510,"0372649_3664510"
372851,3664517,"0372851_3664517"
375214,3663137,"0375214_3663137"
333283,3754283,"0333283_3754283"
333361,3757126,"0333361_3757126"
333361,3757126,"0333361_3757126"
333548,3758180,"0333548_3758180"
334093,3754884,"0334093_3754884"
334603,3756430,"0334603_3756430"
334603,3756430,"0334603_3756430"
385000,3663212,"0385000_3663212"
347528,3732921,"0347528_3732921"
358125,3642145,"0358125_3642145"
358228,3644854,"0358228_3644854"
358353,3642262,"0358353_3642262"
368457,3673425,"0368457_3673425"
368870,3673608,"0368870_3673608"
369545,3673780,"0369545_3673780"
369786,3673830,"0369786_3673830"
372465,3664855,"0372465_3664855"
374095,3660267,"0374095_3660267"
374373,3660501,"0374373_3660501"
382139,3700329,"0382139_3700329"
382265,3700474,"0382265_3700474"
382380,3700507,"0382380_3700507"
382621,3692499,"0382621_3692499"
382708,3700646,"0382708_3700646"
383368,3693305,"0383368_3693305"
384521,3660477,"0384521_3660477"
378501,3616189,"0378501_3616189"
378800,3616327,"0378800_3616327"
378902,3616406,"0378902_3616406"
379011,3616463,"0379011_3616463"
386979,3660583,"0386979_3660583"
375401,3617318,"0375401_3617318"
375402,3617234,"0375402_3617234"
375462,3617131,"0375462_3617131"
358383,3644825,"0358383_3644825"
358449,3644893,"0358449_3644893"
358603,3645077,"0358603_3645077"
358615,3645079,"0358615_3645079"
346654,3731462,"0346654_3731462"
365168,3676500,"0365168_3676500"
367112,3678003,"0367112_3678003"
367191,3677881,"0367191_3677881"
367319,3677824,"0367319_3677824"
367400,3677713,"0367400_3677713"
367541,3677690,"0367541_3677690"
367841,3677703,"0367841_3677703"
368139,3677835,"0368139_3677835"
368304,3677895,"0368304_3677895"
368885,3679120,"0368885_3679120"
369247,3678772,"0369247_3678772"
369494,3678415,"0369494_3678415"
369742,3678073,"0369742_3678073"
370287,3601819,"0370287_3601819"
382022,3700509,"0382022_3700509"
382281,3685304,"0382281_3685304"
386045,3660496,"0386045_3660496"
387334,3661770,"0387334_3661770"
395390,3655757,"0395390_3655757"
387267,3664335,"0387267_3664335"
396332,3648494,"0396332_3648494"
396143,3642010,"0396143_3642010"
369916,3732833,"0369916_3732833"
325784,3718493,"0325784_3718493"
367750,3734208,"0367750_3734208"
344741,3726017,"0344741_3726017"
366520,3728451,"0366520_3728451"
324496,3717411,"0324496_3717411"
325140,3717952,"0325140_3717952"
326103,3718765,"0326103_3718765"
370862,3597214,"0370862_3597214"
389830,3627321,"0389830_3627321"
379989,3703687,"0379989_3703687"
376490,3616473,"0376490_3616473"
383997,3629796,"0383997_3629796"
385811,3629970,"0385811_3629970"
385862,3623331,"0385862_3623331"
385875,3622956,"0385875_3622956"
385875,3623051,"0385875_3623051"
385881,3622543,"0385881_3622543"
385881,3622645,"0385881_3622645"
385882,3622461,"0385882_3622461"
385882,3622740,"0385882_3622740"
385882,3622848,"0385882_3622848"
386149,3629611,"0386149_3629611"
387065,3631751,"0387065_3631751"
387179,3632043,"0387179_3632043"
387294,3632344,"0387294_3632344"
387955,3640544,"0387955_3640544"
388071,3640441,"0388071_3640441"
388224,3640413,"0388224_3640413"
388310,3640292,"0388310_3640292"
388424,3640183,"0388424_3640183"
388542,3639986,"0388542_3639986"
388553,3639741,"0388553_3639741"
388560,3640106,"0388560_3640106"
388584,3639865,"0388584_3639865"
388587,3639617,"0388587_3639617"
389915,3638768,"0389915_3638768"
389921,3638882,"0389921_3638882"
389959,3646803,"0389959_3646803"
389965,3638909,"0389965_3638909"
389975,3646796,"0389975_3646796"
389975,3646861,"0389975_3646861"
390006,3646980,"0390006_3646980"
390024,3639018,"0390024_3639018"
390025,3647031,"0390025_3647031"
390041,3639317,"0390041_3639317"
390046,3647090,"0390046_3647090"
390079,3639212,"0390076_3639212"
390089,3647219,"0390089_3647219"
390093,3639282,"0390093_3639282"
390131,3647200,"0390131_3647200"
390156,3647346,"0390156_3647346"
391247,3643210,"0391247_3643210"
391278,3643184,"0391278_3643184"
391311,3643149,"0391311_3643149"
391338,3643120,"0391338_3643120"
391398,3642930,"0391398_3642930"
391398,3642978,"0391398_3642978"
391416,3642891,"0391416_3642891"
391441,3642856,"0391441_3642856"
396628,3642940,"0396628_3642940"
399369,3645018,"0399369_3645018"
366148,3673358,"0366148_3673358"
366424,3673526,"0366424_3673526"
367416,3674584,"0367416_3674584"
366685,3673737,"0366685_3673737"
366900,3674000,"0366900_3674000"
367173,3674324,"0367173_3674324"
367731,3674977,"0367731_3674977"
399344,3645019,"0399344_3645019"
346314,3730933,"0346314_3730933"
364493,3715607,"0364493_3715607"
399326,3645144,"0399326_3645144"
399217,3645034,"0399217_3645034"
399256,3643068,"0399256_3643068"
399287,3645105,"0399287_3645105"
399364,3645186,"0399364_3645186"
399396,3645212,"0399396_3645212"
363348,3729235,"0368848_3729235"
370928,3731866,"0370928_3731866"
371120,3731863,"0371120_3731863"
370320,3736841,"0370320_3736841"
377441,3756548,"0377441_3756548"
364807,3736434,"0364807_3736434"
369225,3725934,"0369225_3725934"
369779,3730100,"0369779_3730100"
370195,3726766,"0370195_3726766"
370389,3726931,"0370389_3726931"
370710,3730966,"0370710_3730966"
364081,3725771,"0364081_3725771"
369419,3726102,"0369419_3726102"
369537,3725605,"0369537_3725605"
370001,3726600,"0370001_3726600"
370245,3720533,"0370245_3730533"
370477,3730750,"0370477_3730750"
370583,3737097,"0370583_3737097"
371825,3734049,"0371825_3734049"
369313,3729665,"0369313_3729665"
343428,3742238,"0343428_3742238"
369546,3729881,"0369546_3729881"
384560,3586029,"0384560_3586029"
384645,3585489,"0384645_3585489"
384824,3585897,"0384824_3585897"
392304,3596887,"0392304_3596887"
392318,3596732,"0392318_3596732"
366786,3727846,"0366786_3727846"
345704,3742909,"0345704_3742909"
346397,3742089,"0346397_3742089"
380939,3597934,"0380939_3597934"
381725,3598976,"0381725_3598976"
392297,3596047,"0392297_3596047"
392298,3595217,"0392298_3595217"
392300,3596265,"0392300_3596265"
392323,3596500,"0392323_3596500"
370943,3731182,"0370943_3731182"
360052,3733228,"0360052_3733228"
360227,3726241,"0360227_3726241"
370806,3739109,"0370806_3739109"
371168,3738969,"0371168_3738969"
370540,3740426,"0370540_3740426"
370749,3739674,"0370749_3739674"
371063,3738545,"0371063_3738545"
370435,3704080,"0370435_3704080"
370644,3740050,"0370644_3740050"
370589,3735225,"0370589_3735225"
370958,3738921,"0370958_3738921"
371377,3737416,"0371377_3737416"
370854,3739297,"0370854_3739297"
370501,3729329,"0370501_3729329"
370650,3725253,"0370650_3725253"
370012,3730317,"0370012_3730317"
399322,3645028,"0399322_3645028"
369818,3737514,"0369818_3737514"
377046,3663826,"0377046_3663826"
358103,3644088,"0358103_3644088"
351139,3720697,"0351139_3720697"
352045,3722005,"0352045_3722005"
350231,3719384,"0350231_3719384"
350688,3720039,"0350688_3720039"
351581,3721356,"0351581_3721356"
352592,3722655,"0352592_3722655"
352960,3723313,"0352960_3723313"
355060,3716310,"0355060_3716310"
355594,3715717,"0355594_3715717"
338787,3721037,"0338787_3721037"
339590,3720975,"0339590_3720975"
341193,3720847,"0341193_3720847"
340388,3720915,"0340388_3720915"
341992,3720781,"0341992_3720781"
343428,3742238,"0343428_3742238"
339398,3723762,"0339398_3723762"
337989,3721097,"0337989_3721097"
361635,3733474,"0361635_3733474"
330097,3739408,"0330097_3739408"
330412,3738732,"0330412_3738732"
335666,3739215,"0335666_3739215"
338406,3738619,"0338406_3738619"
338407,3738657,"0338407_3738657"
338409,3738667,"0338409_3738667"
338411,3738771,"0338411_3738771"
338412,3738817,"0338412_3738817"
338415,3738853,"0338415_3738853"
338418,3738890,"0338418_3738890"
338635,3739145,"0338635_3739145"
338693,3739232,"0338693_3739232"
338732,3739251,"0338732_3739251"
338765,3739274,"0338765_3739274"
338801,3742945,"0338801_3742945"
338802,3739303,"0338802_3739303"
338829,3739326,"0338829_3739326"
338851,3739351,"0338851_3739351"
338881,3739376,"0338881_3739376"
339921,3744125,"0339921_3744125"
340008,3738270,"0340008_3738270"
340025,3738338,"0340025_3738338"
340026,3738301,"0340026_3738301"
340030,3738053,"0340030_3738053"
340030,3738103,"0340030_3738103"
340030,3738159,"0340030_3738159"
390470,3586816,"0390470_3586816"
391113,3621848,"0391113_3621848"
391119,3621830,"0391119_3621830"
391164,3621835,"0391164_3621835"
391194,3621808,"0391194_3621808"
391238,3621817,"0391238_3621817"
391258,3621390,"0391258_3621390"
391275,3621773,"0391275_3621773"
391294,3621768,"0391294_3621768"
378128,3617754,"0378128_3617754"
379370,3618386,"0379370_3618386"
379618,3618522,"0379618_3618522"
380074,3618740,"0380074_3618740"
380534,3618843,"0380534_3618843"
390326,3587421,"0390326_3587421"
390436,3587438,"0390436_3587438"
390546,3587456,"0390546_3587456"
390656,3587473,"0390656_3587473"
390766,3587490,"0390766_3587490"
388417,3721655,"0388417_3721655"
388430,3721678,"0388430_3721678"
388466,3721700,"0388466_3721700"
388495,3724754,"0388495_3724754"
388512,3721770,"0388512_3721770"
388543,3721780,"0388543_3721780"
388562,3721805,"0388562_3721805"
389168,3720646,"0389168_3720646"
389172,3720650,"0389172_3720650"
389205,3720658,"0389205_3720658"
407707,3743454,"0407707_3743454"
407838,3743406,"0407838_3743406"
407967,3743359,"0407967_3743359"
408097,3743311,"0408097_3743311"
357459,3648235,"0357459_3648235"
357528,3648303,"0357528_3648303"
357697,3648443,"0357697_3648443"
315808,3705616,"0315808_3705616"
363594,3668134,"0363594_3668134"
346969,3689237,"0346969_3689237"
350556,3729286,"0350556_3729286"
341927,3692454,"0341927_3692454"
341735,3693454,"0341735_3693454"
354852,3698097,"0354852_3698097"
357664,3732973,"0357664_3732973"
348010,3708631,"0348010_3708631"
348749,3708940,"0348749_3708940"
355172,3707481,"0355172_3707481"
342792,3720706,"0342792_3720706"
357840,3650492,"0357840_3650492"
367000,3579784,"0367000_3579784"
367042,3579927,"0367042_3579927"
367119,3580213,"0367119_3580213"
367149,3580362,"0367149_3580362"
367197,3580648,"0367197_3580648"
367245,3580785,"0367245_3580785"
367399,3581017,"0367399_3581017"
324814,3717683,"0324814_3717683"
352241,3712896,"0352241_3712896"
356641,3711978,"0356641_3711978"
356703,3712144,"0356703_3712144"
356750,3712312,"0356750_3712312"
356797,3712446,"0356797_3712446"
356858,3712591,"0356858_3712591"
356900,3712761,"0356900_3712761"
356943,3712896,"0356943_3712896"
357002,3713051,"0357002_3713051"
357040,3712395,"0357040_3712395"
357059,3713233,"0357059_3713233"
357199,3712461,"0357199_3712461"
357340,3712519,"0357340_3712519"
357493,3712579,"0357493_3712579"
357788,3712707,"0357788_3712707"
357933,3712767,"0357933_3712767"
358088,3712827,"0358088_3712827"
367078,3570078,"0367078_3570078"
368787,3598545,"0368787_3598545"
368672,3599101,"0368672_3599101"
368701,3598930,"0368701_3598930"
368716,3599246,"0368716_3599246"
368721,3598801,"0368721_3598801"
368851,3598300,"0368851_3598300"
369561,3600947,"0369561_3600947"
369866,3600412,"0369866_3600412"
369932,3600192,"0369932_3600192"
369988,3601081,"0369988_3601081"
378218,3690499,"0378218_3690499"
378631,3690025,"0378631_3690025"
378947,3689845,"0378947_3689845"
379375,3689815,"0379375_3689815"
379807,3690085,"0379807_3690085"
380313,3690270,"0380313_3690270"
380839,3690561,"0380839_3690561"
381368,3690822,"0381368_3690822"
381900,3691147,"0381900_3691147"
382514,3691556,"0382514_3691556"
369590,3677204,"0369590_3677204"
368761,3599400,"0368761_3599400"
369596,3601332,"0369596_3601332"
364181,3676800,"0364181_3676800"
367680,3677694,"0367680_3677694"
367988,3677793,"0367988_3677793"
369180,3677081,"0369180_3677081"
369388,3677143,"0369388_3677143"
369811,3677390,"0369811_3677390"
370055,3677684,"0370055_3677684"
370075,3677559,"0370075_3677559"
364383,3675245,"0364383_3675245"
393819,3729318,"0393819_3729318"
395362,3729472,"0395362_3729472"
395481,3729955,"0395481_3729955"
376766,3736253,"0376766_3736253"
376832,3735685,"0376832_3735685"
345029,3681827,"0345029_3681827"
359718,3658371,"0359718_3658371"
359748,3658425,"0359748_3658425"
359833,3658536,"0359833_3658536"
359918,3658707,"0359918_3658707"
359934,3658772,"0359934_3658772"
359967,3658856,"0359967_3658856"
360001,3658942,"0360001_3658942"
360011,3659057,"0360011_3659057"
360017,3658984,"0360017_3658984"
360035,3659135,"0360035_3659135"
370020,3587598,"0370020_3587598"
370093,3587552,"0370093_3587552"
392922,3588110,"0392922_3588110"
367899,3601964,"0367899_3601964"
367792,3602200,"0367792_3602200"
368050,3600900,"0368050_3600900"
363412,3673817,"0363412_3673817"
363626,3674020,"0363626_3674020"
363920,3674337,"0363920_3674337"
392444,3728263,"0392444_3728263"
373476,3593916,"0373476_3593916"
380543,3606432,"0380543_3606432"
373675,3593826,"0373675_3593826"
374203,3593641,"0374203_3593641"
374310,3593630,"0374310_3593630"
378906,3599918,"0378906_3599918"
373566,3593907,"0373566_3593907"
404585,3619633,"0404585_3619633"
392183,3627501,"0392183_3627501"
392036,3627551,"0392036_3627551"
364922,3629610,"0364922_3629610"
339271,3680643,"0339271_3680643"
339279,3680695,"0339279_3680695"
339284,3680749,"0339284_3680749"
339294,3680803,"0339294_3680803"
339307,3680850,"0339307_3680850"
339314,3680896,"0339314_3680896"
339320,3680949,"0339320_3680949"
339333,3680990,"0339333_3680990"
376344,3697760,"0376344_3697760"
399413,3644065,"0399413_3644065"
400669,3644710,"0400669_3644710"
361706,3731119,"0361706_3731119"
357678,3652123,"0357678_3652123"
357682,3651279,"0357682_3651279"
358792,3615441,"0358792_3615441"
370927,3594176,"0370927_3594176"
371647,3704198,"0371647_3704198"
372019,3704525,"0372019_3704525"
372305,3707409,"0372305_3707409"
375770,3688974,"0375770_3688974"
376257,3688973,"0376257_3688973"
376359,3697649,"0376359_3697649"
376398,3697994,"0376398_3697994"
376504,3698410,"0376504_3698410"
393013,3722001,"0393013_3722001"
359303,3642389,"0359303_3642389"
371883,3664561,"0371883_3664561"
371984,3663828,"0371984_3663828"
380520,3601207,"0380520_3601207"
380620,3600992,"0380620_3600992"
380891,3600888,"0380891_3600888"
380915,3600392,"0380915_3600392"
380999,3600284,"0380999_3600284"
393995,3611584,"0393995_3611584"
381083,3600131,"0381083_3600131"
394200,3611600,"0394200_3611600"
376616,3601223,"0376616_3601223"
376760,3601550,"0376760_3601550"
376909,3602047,"0376909_3602047"
376929,3602373,"0376929_3602373"
377027,3602612,"0377027_3602612"
378496,3600902,"0378496_3600902"
378863,3597539,"0378863_3597539"
379507,3598277,"0379507_3598277"
379684,3598154,"0379684_3598154"
379824,3598068,"0379824_3598068"
380098,3611107,"0380098_3611107"
380410,3611204,"0380410_3611204"
380551,3611260,"0380551_3611260"
381004,3611450,"0381004_3611450"
390227,3611323,"0390227_3611323"
390267,3611929,"0390267_3611929"
390272,3612178,"0390272_3612178"
390279,3611117,"0390279_3611117"
390376,3611989,"0390376_3611989"
390595,3616284,"0390595_3616284"
391809,3616881,"0391809_3616881"
391996,3616992,"0391996_3616992"
378307,3601887,"0378307_3601887"
378642,3601526,"0378642_3601526"
380700,3611342,"0380700_3611342"
390489,3612002,"0390489_3612002"
391000,3616502,"0391000_3616502"
373372,3593951,"0373372_3593951"
377363,3602805,"0377363_3602805"
377450,3603033,"0377450_3603033"
380181,3602673,"0380181_3602673"
380203,3602999,"0380203_3602999"
380217,3602198,"0380217_3602198"
380220,3604695,"0380220_3604695"
380223,3605112,"0380223_3605112"
380232,3602430,"0380232_3602430"
380243,3603919,"0380243_3603919"
380284,3604288,"0380284_3604288"
380315,3603296,"0380315_3603296"
380324,3603587,"0380324_3603587"
393498,3611582,"0393498_3611582"
393602,3611550,"0393602_3611550"
393700,3611558,"0393700_3611558"
390173,3611519,"0390173_3611519"
378135,3598693,"0378135_3598693"
378268,3598885,"0378268_3598885"
378737,3599640,"0378737_3599640"
378600,3599369,"0378600_3599369"
393802,3611574,"0393802_3611574"
393981,3610538,"0393981_3610538"
394101,3611584,"0394101_3611584"
394300,3611574,"0394300_3611574"
364212,3676672,"0364212_3676672"
379100,3616513,"0379100_3616513"
358119,3644659,"0358119_3644659"
402823,3627700,"0402823_3627700"
404117,3620497,"0404117_3620497"
404335,3620835,"0404335_3620835"
404410,3621405,"0404410_3621405"
376863,3665404,"0376863_3665404"
413312,3617139,"0413312_3617139"
413413,3616610,"0413413_3616610"
358363,3644420,"0358363_3644420"
358686,3645164,"0358686_3645164"
360009,3658306,"0360009_3658306"
360117,3658443,"0360117_3658443"
360214,3658601,"0360214_3658601"
360295,3658726,"0360295_3658726"
360426,3658875,"0360426_3658875"
360588,3659044,"0360588_3659044"
360766,3659141,"0360766_3659141"
377895,3692053,"0377895_3692053"
378008,3692521,"0378008_3692521"
390063,3669825,"0390063_3669825"
391708,3627728,"0391708_3627728"
391772,3672570,"0391772_3672570"
391892,3672790,"0391892_3672790"
392063,3672963,"0392063_3672963"
392391,3673126,"0392391_3673126"
400448,3645166,"0400448_3645166"
391740,3626510,"0391740_3626510"
383626,3665478,"0383626_3665478"
384236,3665539,"0384236_3665539"
404044,3620062,"0404044_3620062"
401697,3626936,"0401697_3626936"
357960,3644783,"0357960_3644783"
410299,3620562,"0410299_3620562"
410256,3625771,"0410256_3625771"
413103,3615581,"0413103_3615581"
405635,3624350,"0405635_3624350"
379640,3704272,"0379640_3704272"
372039,3664409,"0372039_3664409"
372174,3663375,"0372174_3663375"
379374,3702356,"0379374_3702356"
382817,3700643,"0382817_3700643"
407097,3627836,"0407097_3627836"
390165,3670109,"0390165_3670109"
382589,3700664,"0382589_3700664"
406078,3740318,"0406078_3740318"
408358,3743216,"0408358_3743216"
408099,3743311,"0408099_3743311"
408486,3743167,"0408486_3743167"
408223,3743281,"0408223_3743281"
389058,3592521,"0389058_3592521"
404598,3624166,"0404598_3624166"
411183,3634313,"0411183_3634313"
412104,3630839,"0412104_3630839"
366974,3579763,"0366974_3579763"
372940,3708316,"0372940_3708316"
367742,3709870,"0367742_3709870"
380843,3608093,"0380843_3608093"
396285,3656179,"0396285_3656179"
379346,3598224,"0379346_3598224"
375396,3604082,"0375396_3604082"
379287,3604002,"0379287_3604002"
379591,3604087,"0379591_3604087"
379617,3603814,"0379617_3603814"
379965,3604184,"0379965_3604184"
380793,3604595,"0380793_3604595"
379803,3604067,"0379803_3604067"
380082,3604329,"0380082_3604329"
380281,3604287,"0380281_3604287"
380502,3604418,"0380502_3604418"
372230,3664922,"0372230_3664922"
372267,3664832,"0372267_3664832"
372348,3664632,"0372348_3664632"
373062,3659291,"0373062_3659291"
373290,3659500,"0373290_3659500"
373518,3659742,"0373518_3659742"
377339,3665571,"0377339_3665571"
373851,3660038,"0373851_3660038"
375359,3602254,"0375359_3602254"
377946,3599997,"0377946_3599997"
378919,3597773,"0378919_3597773"
378924,3597976,"0378924_3597976"
379040,3598075,"0379040_3598075"
379179,3598204,"0379179_3598204"
380167,3602290,"0380167_3602290"
374604,3601715,"0374604_3601715"
374705,3601770,"0374705_3601770"
374808,3601880,"0374808_3601880"
375037,3602020,"0375037_3602020"
378004,3602195,"0378004_3602195"
346607,3731250,"0346607_3731250"
347387,3732618,"0347387_3732618"
380741,3600890,"0380741_3600890"
380888,3600606,"0380888_3600606"
394435,3610323,"0394435_3610323"
358142,3643651,"0358142_3643651"
374508,3601520,"0374508_3601520"
394335,3610338,"0394335_3610338"
358115,3644332,"0358115_3644332"
363705,3676986,"0363705_3676986"
364552,3678000,"0364552_3678000"
368939,3610904,"0368939_3610904"
376955,3664770,"0376955_3664770"
376994,3664550,"0376994_3664550"
371718,3705836,"0371718_3705836"
371816,3706265,"0371816_3706265"
395679,3648186,"0395679_3648186"
394232,3610386,"0394232_3610386"
394118,3610490,"0394118_3610490"
390614,3612028,"0390614_3612028"
394398,3611579,"0394398_3611579"
393900,3611573,"0393900_3611573"
368217,3596412,"0368217_3596412"
374793,3598481,"0374793_3598481"
358159,3643500,"0358159_3643500"
371323,3704007,"0371323_3704007"
405421,3628097,"0405421_3628097"
363969,3676801,"0363969_3676801"
368402,3596490,"0368402_3596490"
368601,3596636,"0368601_3596636"
368797,3596796,"0368797_3596796"
369006,3596966,"0369006_3596966"
369201,3597118,"0369201_3597118"
369405,3597272,"0369405_3597272"
371900,3706496,"0371900_3706496"
371989,3706700,"0371989_3706700"
372201,3707192,"0372201_3707192"
372467,3707565,"0372467_3707565"
371907,3590009,"0371907_3590009"
337723,3715840,"0337723_3715840"
337810,3714464,"0337810_3714464"
337960,3714160,"0337960_3714160"
337989,3715295,"0337989_3715295"
338233,3713920,"0338233_3713920"
338712,3713864,"0338712_3713864"
358198,3645643,"0358198_3645643"
363272,3677193,"0363272_3677193"
363339,3614363,"0363339_3614363"
363448,3614258,"0363448_3614258"
366160,3730735,"0366160_3730735"
366201,3730825,"0366201_3730825"
366980,3596558,"0366980_3596558"
368049,3596601,"0368049_3596601"
368629,3612981,"0368629_3612981"
368708,3612293,"0368708_3612293"
368714,3612771,"0368714_3612771"
368960,3611762,"0368960_3611762"
368996,3611122,"0368996_3611122"
369246,3706063,"0369246_3706063"
358526,3644785,"0358526_3644785"
359623,3658034,"0359623_3658034"
359748,3658113,"0359748_3658113"
359888,3658188,"0359888_3658188"
372039,3664126,"0372039_3664126"
372047,3664002,"0372047_3664002"
372454,3664568,"0372454_3664568"
372750,3664519,"0372750_3664519"
374786,3660913,"0374786_3660913"
382932,3692133,"0382932_3692133"
383631,3693507,"0383631_3693507"
395744,3654814,"0395744_3654814"
395783,3654563,"0395783_3654563"
395799,3655066,"0395799_3655066"
396155,3655988,"0396155_3655988"
396529,3656300,"0396529_3656300"
397015,3656635,"0397015_3656635"
364826,3677400,"0364826_3677400"
391421,3616693,"0391421_3616693"
358383,3644825,"0358383_3644825"
358352,3644550,"0358352_3644550"
358363,3644420,"0358363_3644420"
358402,3644280,"0358402_3644280"
358518,3644172,"0358518_3644172"
358402,3644280,"0358402_3644280"
358500,3645374,"0358500_3645374"
358614,3645182,"0358614_3645182"
358686,3645164,"0358686_3645164"
365001,3676201,"0365001_3676201"
368688,3612014,"0368688_3612014"
368731,3612502,"0368731_3612502"
369334,3673725,"0369334_3673725"
387745,3664733,"0387745_3664733"
389933,3622360,"0389933_3622360"
390332,3622954,"0390332_3622954"
390365,3623057,"0390365_3623057"
390403,3623156,"0390403_3623156"
390458,3623342,"0390458_3623342"
391274,3621741,"0391274_3621741"
358352,3644550,"0358352_3644550"
358383,3644825,"0358383_3644825"
358453,3644986,"0358453_3644986"
393721,3628202,"0393721_3628202"
369024,3736855,"0369024_3736855"
365018,3732759,"0365018_3732759"
367900,3734777,"0367900_3734777"
365315,3721073,"0365315_3721073"
365294,3722737,"0365294_3722737"
359899,3744471,"0359899_3744471"
369291,3737092,"0369291_3737092"
365279,3723799,"0365279_3723799"
368048,3735215,"0368048_3735215"
377324,3688336,"0377324_3688336"
379627,3702062,"0379627_3702062"
379874,3702089,"0379874_3702089"
342692,3537121,"0342692_3537121"
397186,3715650,"0397186_3715650"
389946,3707150,"0389946_3707150"
390325,3707448,"0390325_3707448"
389071,3706584,"0389071_3706584"
389363,3706802,"0389363_3706802"
389655,3706963,"0389655_3706963"
390195,3707361,"0390195_3707361"
389791,3707081,"0389791_3707081"
390052,3707286,"0390052_3707286"
389598,3706870,"0389458_3706870"
385662,3716074,"0385662_3716074"
385976,3715566,"0385976_3715566"
401111,3624681,"0401111_3624681"
403761,3623491,"0403761_3623491"
411928,3619329,"0411928_3619329"
401482,3626605,"0401482_3626605"
415441,3615926,"0415441_3615926"
415441,3615926,"0415441_3615926"
378217,3701861,"0378217_3701861"
392103,3689220,"0392103_3689220"
392993,3721798,"0392993_3721798"
367737,3602656,"0367737_3602656"
367787,3602881,"0367787_3602881"
385308,3718042,"0385308_3718042"
385660,3716051,"0385660_3716051"
402439,3644976,"0402439_3644976"
380749,3607560,"0380749_3607560"
372179,3589572,"0372179_3589572"
381162,3599974,"0381162_3599974"
372294,3589539,"0372294_3589539"
372229,3589558,"0372229_3589558"
373781,3593775,"0373781_3593775"
379900,3610871,"0379900_3610871"
379437,3600717,"0379437_3600717"
379604,3601017,"0379604_3601017"
390793,3616400,"0390793_3616400"
381364,3727111,"0381364_3727111"
384977,3718479,"0384977_3718479"
363127,3673610,"0363127_3673610"
363202,3673402,"0363202_3673402"
363279,3673511,"0363279_3673511"
363316,3673716,"0363316_3673716"
363521,3673918,"0363521_3673918"
363706,3674127,"0363706_3674127"
363820,3674230,"0363820_3674230"
376882,3736414,"0376882_3736414"
373900,3735337,"0373900_3735337"
374694,3734303,"0374694_3734303"
375525,3734304,"0375525_3734304"
376146,3734342,"0376146_3734342"
376218,3739464,"0376218_3739464"
376730,3736910,"0376730_3736910"
378094,3734486,"0378094_3734486"
378688,3735468,"0378688_3735468"
379073,3735813,"0379073_3735813"
377036,3735561,"0377036_3735561"
377082,3735076,"0377082_3735076"
379299,3737352,"0379299_3737352"
379182,3733341,"0379182_3733341"
376538,3688075,"0376538_3688075"
376687,3688138,"0376687_3688138"
376834,3688194,"0376834_3688194"
377028,3688229,"0377028_3688229"
377187,3688279,"0377187_3688279"
380493,3727899,"0380493_3727899"
369652,3663091,"0369652_3663091"
369893,3663148,"0369893_3663148"
370133,3663205,"0370133_3663205"
333370,3550363,"0333370_3550363"
353379,3546142,"0353379_3546142"
365636,3673032,"0365636_3673032"
365854,3673212,"0365854_3673212"
340575,3676285,"0340575_3676285"
396670,3644550,"0396670_3644550"
365716,3716922,"0365716_3716922"
378874,3726857,"0378874_3726857"
375530,3730357,"0375530_3730357"
375791,3730059,"0375791_3730059"
377613,3727276,"0377613_3727276"
377170,3726711,"0377170_3726711"
377713,3726458,"0377713_3726458"
359875,3752858,"0359875_3752858"
374203,3734331,"0374203_3734331"
374228,3734352,"0374228_3734352"
374579,3734649,"0374579_3734649"
375069,3734377,"0375069_3734377"
375103,3734377,"0375103_3734377"
375151,3734360,"0375151_3734360"
375140,3734321,"0375140_3734321"
392318,3597125,"0392318_3597125"
365814,3717270,"0365814_3717270"
340585,3743834,"0340585_3743834"
340588,3743828,"0340588_3743828"
340594,3743799,"0340594_3743799"
340604,3743799,"0340604_3743799"
340614,3743769,"0340614_3743769"
340614,3743786,"0340614_3743786"
340617,3743760,"0340617_3743760"
365814,3717270,"0365814_3717270"
370119,3732413,"0370119_3732413"
370443,3732032,"0370443_3732032"
370748,3731877,"0370748_3731877"
370280,3737182,"0370280_3737182"
378468,3726492,"0378468_3726492"
380854,3597797,"0380854_3597797"
381044,3598088,"0381044_3598088"
381127,3598212,"0381127_3598212"
381257,3598382,"0381257_3598382"
381283,3598430,"0381283_3598430"
381424,3598587,"0381424_3598587"
381482,3598697,"0381482_3598697"
381563,3598804,"0381563_3598804"
393336,3612329,"0393336_3612329"
393338,3612769,"0393338_3612769"
393343,3612178,"0393343_3612178"
393344,3612627,"0393344_3612627"
393482,3612076,"0393482_3612076"
393610,3612143,"0393610_3612143"
393823,3612312,"0393823_3612312"
389238,3706702,"0389238_3706702"
375127,3734263,"0375127_3734263"
405086,3627560,"0405086_3627560"
397462,3735123,"0397462_3735123"
397674,3734883,"0397674_3734883"
374126,3734223,"0374126_3734223"
374152,3734236,"0374152_3734236"
374169,3734259,"0374169_3734259"
374186,3734284,"0374186_3734284"
374204,3734311,"0374204_3734311"
374254,3734373,"0374254_3734373"
374515,3734608,"0374515_3734608"
375206,3734386,"0375206_3734386"
375231,3734407,"0375231_3734407"
375129,3734283,"0375129_3734283"
384663,3718695,"0384663_3718695"
338723,3684066,"0338723_3684066"
338766,3684031,"0338766_3684031"
338798,3683994,"0338798_3683994"
338831,3683964,"0338831_3683964"
338915,3683880,"0338915_3683880"
338948,3683858,"0338948_3683858"
357875,3752858,"0357875_3752858"
407381,3623212,"0407381_3623212"
408105,3627801,"0408105_3627801"
406641,3626094,"0406641_3626094"
406747,3627050,"0406747_3627050"
406775,3626768,"0406775_3626768"
406786,3628512,"0406786_3628512"
402714,3626043,"0402714_3626043"
404316,3619619,"0404316_3619619"
364624,3725203,"0364624_3725203"
403178,3625672,"0403178_3625672"
411685,3620613,"0411685_3620613"
364703,3726224,"0364703_3726224"
364712,3726341,"0364712_3726341"
364712,3726290,"0364712_3726290"
364713,3726408,"0364713_3726408"
364718,3726474,"0364718_3726474"
364785,3727387,"0364785_3727387"
364786,3727429,"0364786_3727429"
364786,3727345,"0364786_3727345"
364798,3727745,"0364798_3727745"
365538,3725385,"0365538_3725385"
405567,3621431,"0405567_3621431"
407381,3623212,"0407381_3623212"
408105,3627801,"0408105_3627801"
366900,3725657,"0366900_3725657"
367383,3725680,"0367383_3725680"
380970,3741939,"0380970_3741939"
385737,3630041,"0385737_3630041"
386071,3629669,"0386071_3629669"
359231,3642378,"0359231_3642378"
369732,3637243,"0369732_3637243"
369834,3637121,"0369834_3637121"
369935,3636974,"0369935_3636974"
370059,3636715,"0370059_3636715"
370093,3636523,"0370093_3636523"
370217,3636365,"0370217_3636365"
370319,3636275,"0370319_3636275"
370319,3636275,"0370319_3636275"
370431,3636045,"0370431_3636045"
373691,3637551,"0373691_3637551"
373711,3637337,"0373711_3637337"
373745,3637252,"0373745_3637252"
373762,3636967,"0373762_3636967"
392364,3627521,"0392364_3627521"
393438,3654811,"0393438_3654811"
393464,3654804,"0393464_3654804"
393475,3654787,"0393475_3654787"
393495,3654777,"0393495_3654777"
393512,3654764,"0393512_3654764"
393531,3654814,"0393531_3654814"
393531,3654819,"0393531_3654819"
393535,3654760,"0393535_3654760"
393551,3654784,"0393551_3654784"
393559,3654802,"0393559_3654802"
376556,3618077,"0376556_3618077"
375424,3617526,"0375424_3617526"
392562,3627737,"0392562_3627737"
385075,3660401,"0385075_3660401"
375089,3663758,"0375089_3663758"
375103,3663690,"0375103_3663690"
375109,3663615,"0375109_3663615"
375117,3663543,"0375117_3663543"
375139,3663487,"0375139_3663487"
375152,3663356,"0375152_3663356"
375191,3663211,"0375191_3663211"
375204,3663054,"0375204_3663054"
387674,3640808,"0387674_3640808"
390022,3646857,"0390022_3646897"
399734,3637117,"0399734_3637117"
344078,3607890,"0344078_3607890"
344320,3607890,"0344320_3607890"
348786,3607916,"0348786_3607916"
349206,3607890,"0349206_3607890"
349435,3607852,"0349435_3607852"
349555,3607814,"0349555_3607814"
349695,3607782,"0349695_3607782"
378490,3702016,"0378490_3702016"
380171,3702109,"0380171_3702109"
391133,3686336,"0391133_3686336"
395319,3687285,"0395319_3687285"
396099,3687287,"0396099_3687287"
396464,3687306,"0396464_3687306"
396669,3687306,"0396669_3687306"
397027,3686188,"0397027_3686188"
397091,3687306,"0397091_3687306"
397259,3686505,"0397259_3686505"
397470,3687306,"0397470_3687306"
401641,3645308,"0401641_3645308"
378768,3607861,"0378768_3607861"
391156,3621836,"0391156_3621836"
396289,3687286,"0396289_3687286"
396500,3687285,"0396500_3687285"
388305,3717438,"0388305_3717438"
388511,3716778,"0388511_3716778"
388955,3714516,"0388955_3714516"
390206,3715489,"0390206_3715489"
358870,3647806,"0358870_3647806"
392906,3643399,"0392906_3643399"
375776,3625102,"375776_3625102"
401088,3644927,"0401088_3644927"
387460,3632914,"0387460_3632914"
385450,3630337,"0385450_3630337"
385550,3630235,"0385550_3630235"
385686,3630129,"0385686_3630129"
385868,3623147,"0382868_3623147"
385869,3623223,"0385869_3623223"
386113,3629482,"0386113_3629482"
387124,3631870,"0387124_3631870"
387323,3632467,"0387323_3632467"
387410,3632780,"0387410_3632780"
387442,3633031,"0387442_3633031"
389902,3638818,"0389902_3638818"
389979,3646921,"0389979_3646921"
390010,3638964,"0390010_3638964"
390064,3639122,"0390064_3639122"
390069,3647149,"0390069_3647149"
391366,3643081,"0391366_3643081"
391379,3643038,"0391379_3643038"
380490,3625376,"0380490_3625376"
382155,3632113,"0382155_3632113"
382182,3631480,"0382182_3631480"
382199,3631574,"0382199_3631574"
382202,3631389,"0382202_3631389"
382213,3632015,"0382213_3632015"
382233,3631302,"0382233_3631302"
382239,3631664,"0382239_3631664"
382242,3631915,"0382242_3631915"
382268,3631756,"0382268_3631756"
382290,3631826,"0382290_3631826"
398851,3643704,"0398851_3643704"
349060,3643829,"0349060_3643829"
396912,3639132,"0396912_3639132"
372083,3589612,"0372083_3589612"
374191,3600500,"0374191_3600500"
360936,3599979,"0360936_3599979"
360962,3559996,"0360962_3599961"
361016,3599992,"0361016_3599992"
361074,3600022,"0361074_3600022"
371133,3729499,"0371133_3729499"
408710,3743415,"0408710_3743415"
371996,3589790,"0371996_3589790"
339029,3725860,"0339029_3725860"
342110,3694502,"0342110_3694502"
342175,3694782,"0342175_3694782"
342219,3695059,"0342219_3695059"
342344,3694118,"0342344_3694118"
342525,3693714,"0342525_3693714"
349487,3709249,"0349487_3709249"
357897,3689068,"0357897_3689068"
357955,3689043,"0357955_3689043"
359071,3642289,"0359071_3642289"
363610,3639300,"0363610_3639300"
364577,3675551,"0364577_3675551"
364668,3677700,"0364668_3677700"
364879,3639087,"0364879_3639087"
365126,3677100,"0365126_3677100"
365991,3725475,"0365991_3725475"
366226,3730868,"0366226_3730868"
366359,3579452,"0366359_3579452"
366451,3725564,"0366451_3725564"
366540,3597307,"0366540_3597307"
366666,3712634,"0366666_3712634"
366813,3727712,"0366813_3727712"
367707,3602443,"0367707_3602443"
367859,3596735,"0367859_3596735"
368078,3579202,"0368078_3579202"
368149,3601300,"0368149_3601300"
368155,3601104,"0368155_3601104"
368165,3601501,"0368165_3601501"
368275,3725929,"0368275_3725929"
368693,3673561,"0368693_3673561"
369038,3673673,"0369038_3673673"
369969,3636794,"0369969_3636794"
370471,3674264,"0370471_3674264"
375192,3663299,"0375192_3663299"
376536,3698540,"0376536_3698540"
376540,3698663,"0376540_3698663"
376582,3698782,"0376582_3698782"
377397,3665772,"0377397_3665772"
377505,3688351,"0377505_3688351"
378040,3692305,"0378040_3692305"
384740,3719301,"0384740_3719301"
390480,3669835,"0390480_3669835"
390518,3670485,"0390518_3670485"
390750,3669880,"0390750_3669880"
391113,3626787,"0391113_3626787"
392807,3627542,"0392807_3627542"
395614,3687293,"0395614_3687293"
395828,3687290,"0395828_3687290"
395803,3665136,"0395803_3665136"
405620,3743991,"0405620_3743991"
371937,3589940,"0371937_3589940"
371972,3589854,"0371972_3589854"
372018,3589738,"0372018_3589738"
338206,3714939,"0338206_3714939"
364716,3726529,"0364716_3726529"
405092,3744973,"0405092_3744973"
403462,3744121,"0403462_3744121"
403870,3744334,"0403870_3744334"
404277,3744547,"0404277_3744547"
404685,3744760,"0404685_3744760"
402648,3743695,"0402648_3743695"
401426,3743055,"0401426_3743055"
401833,3743268,"0401833_3743268"
402240,3743481,"0402240_3743481"
337152,3707314,"0337152_3707314"
337272,3707644,"0337272_3707644"
402244,3744559,"0402244_3744559"
402518,3744706,"0402518_3744706"
326605,3703184,"0326605_3703184"
407577,3743501,"0407577_3743501"
336549,3705668,"0336549_3705668"
336670,3705997,"0336670_3705997"
336790,3706327,"0336790_3706327"
336429,3705339,"0336429_3705339"
313514,3707768,"0313514_3707768"
313896,3707409,"0313896_3707409"
314660,3706692,"0314660_3706692"
315043,3706333,"0315043_3706333"
315425,3705975,"0315425_3705975"
316572,3704899,"0316572_3704899"
314278,3707051,"0314278_3707051"
361415,3708082,"0361415_3708082"
378769,3607541,"0378769_3607541"
345617,3687957,"0345617_3687957"
348195,3690088,"0348195_3690088"
342069,3691874,"0342069_3691874"
353373,3692999,"0353373_3692999"
353373,3692999,"0353373_3692999"
345617,3687957,"0345617_3687957"
342219,3682941,"0342219_3682941"
382306,3741560,"0382306_3741560"
380546,3728172,"0380546_3728172"
381866,3714905,"0381866_3714905"
381345,3727265,"0381345_3727265"
368402,3711460,"0368402_3711460"
379613,3704118,"0379613_3704118"
340979,3692973,"0340979_3692973"
341122,3692815,"0341122_3692815"
341680,3693426,"0341680_3693426"
364225,3709515,"0364225_3709515"
364335,3709446,"0364335_3709446"
365039,3709235,"0365039_3709235"
382279,3716039,"0382279_3716039"
381760,3714509,"0381760_3714509"
361995,3710736,"0361995_3710736"
342012,3693489,"0342012_3693489"
342247,3693210,"0342247_3693210"
342347,3692389,"0342347_3692389"
364195,3709609,"0364195_3709609"
381983,3715580,"0381983_3715580"
357798,3689022,"0357798_3689022"
370621,3600847,"0370621_3600847"
358895,3630673,"0358895_3630673"
358895,3630674,"0358895_3630674"
358924,3630709,"0358924_3630709"
359112,3629896,"0359112_3629896"
359024,3630777,"0359024_3630777"
355716,3687342,"0355716_3687342"
355852,3687405,"0355852_3687405"
356029,3687474,"0356029_3687474"
356155,3687336,"0356155_3687336"
356176,3687452,"0356176_3687452"
392871,3587726,"0392871_3587726"
344959,3681834,"0344959_3681834"
356943,3687368,"0356943_3687368"
357046,3687340,"0357046_3687340"
344707,3681869,"0344707_3681869"
344778,3681850,"0344778_3681850"
344861,3681842,"0344861_3681842"
358468,3629728,"0358468_3629728"
358560,3629752,"0358560_3629752"
358610,3630378,"0358610_3630378"
358652,3629776,"0358652_3629776"
358725,3630494,"0358725_3630494"
358744,3629800,"0358744_3629800"
358817,3630536,"0358817_3630536"
358836,3629824,"0358836_3629824"
358928,3629848,"0358928_3629848"
358958,3630733,"0358958_3630733"
359020,3629872,"0359020_3629872"
364029,3608472,"0364029_3608472"
364079,3608458,"0364079_3608458"
365249,3598758,"0365249_3598758"
365277,3599601,"0365277_3599601"
365402,3602193,"0365402_3602193"
347692,3637691,"0347692_3637691"
347723,3687779,"0347723_3687779"
347758,3687802,"0347758_3687802"
358284,3629680,"0358284_3629680"
358376,3629704,"0358376_3629704"
358659,3630451,"0358659_3630451"
358993,3630740,"0358993_3630740"
363907,3608512,"0363907_3608512"
363944,3608508,"0363944_3638508"
363992,3608491,"0363992_3608491"
364128,3608431,"0364128_3608431"
364163,3608410,"0364163_3608410"
364201,3608390,"0364201-3608390"
364241,3608355,"0364241_3608355"
364279,3608320,"0364279_3608320"
366637,3710749,"0366637_3710749"
366666,3712725,"0366666_3712725"
366735,3710655,"0366735_3710655"
366754,3710641,"0366754_3710641"
357503,3689179,"0357503_3689179"
357516,3689124,"0357516_3689124"
357532,3689159,"0357532_3689159"
390690,3612125,"0390690_3612125"
396564,3643868,"0396564_3643868"
396617,3644368,"0396617_3644368"
396621,3642769,"0396621_3642769"
396635,3643659,"0396635_3643659"
396635,3643122,"0396635_3643122"
396658,3643261,"0396658_3643261"
396659,3644062,"0396659_3644062"
396661,3643465,"0396661_3643465"
346624,3728963,"0346624_3728963"
370301,3612324,"0370301_3612324"
370406,3612277,"0370406_3612277"
370516,3612237,"0370516_3612237"
403427,3627516,"0403427_3627516"
366703,3728004,"0366703_3728004"
366727,3727809,"0366727_3727809"
366740,3727907,"0366740_3727907"
372874,3708608,"0372874_3708608"
372926,3708270,"0372926_3708270"
352577,3691276,"0352577_3691276"
312053,3631842,"0312053_3631842"
401845,3741278,"0401845_3741278"
402453,3741141,"0402453_3741141"
404269,3740729,"0404269_3740729"
404878,3740598,"0404878_3740598"
405483,3740457,"0405483_3740457"
401236,3741413,"0401236_3741413"
364690,3726044,"0364690_3726044"
411555,3635257,"0411555_3635257"
411843,3633139,"0411843_3633139"
412105,3630580,"0412105_3630580"
412025,3631018,"0412025_3631018"
412528,3633895,"0412528_3633895"
410875,3634380,"0410875_3634380"
392902,3587974,"0392902_3587974"
366182,3730779,"0366182_3730779"
311852,3631393,"0311852_3631393"
312156,3632010,"0312156_3632010"
366042,3730514,"0366042_3730514"
362713,3616524,"0362713_3616524"
363171,3614690,"0363171_3614690"
363303,3614573,"0363303_3614573"
366065,3730556,"0366065_3730556"
366109,3730646,"0366109_3730646"
366134,3730689,"0366134_3730689"
367535,3705258,"0367535_3705258"
357740,3689001,"0357740_3689001"
357847,3689045,"0357847_3689045"
357215,3692607,"0357215_3692607"
357258,3692539,"0357258_3692539"
357364,3692373,"0357364_3692373"
357469,3692207,"0357469_3692207"
357526,3692112,"0357526_3692112"
364016,3707387,"0364016_3707387"
350188,3617042,"0350188_3617042"
343635,3682292,"0343635_3682292"
355504,3683847,"0355504_3683847"
392854,3587596,"0392854_3587596"
362607,3708287,"0362607_3708287"
366897,3727537,"0366897_3727537"
368389,3736064,"0368389_3736064"
365252,3732108,"0365252_3732108"
366037,3729540,"0366037_3729540"
364668,3725794,"0364668_3725794"
368365,3711204,"0368365_3711204"
368603,3711628,"0368603_3711628"
380328,3728314,"0380328_3728314"
336911,3706656,"0336911_3706656"
352184,3689476,"0352184_3689476"
370992,3725588,"0370992_3725588"
370996,3735284,"0370996_3735284"
369696,3727662,"0369696_3727662"
370696,3729575,"0370696_3729575"
369247,3732845,"0369247_3732845"
370049,3737348,"0370049_3737348"
370975,3736663,"0370975_3736663"
377870,3727198,"0377870_3727198"
370528,3737014,"0370528_3737014"
365110,3732519,"0365110_3732519"
368877,3734903,"0368877_3734903"
366202,3731713,"0366202_3731713"
366583,3728588,"0366583_3728588"
369579,3737655,"0369579_3737655"
367485,3733993,"0367485_3733993"
367057,3733252,"0367057_3733252"
350803,3686182,"0350803_3686182"
368724,3736173,"0368724_3736173"
369138,3736941,"0369138_3736941"
343368,3682256,"0343368_3682256"
343498,3682268,"0343498_3682268"
343799,3682239,"0343799_3682239"
343927,3626155,"0343927_3626155"
364289,3714708,"0364289_3714708"
364404,3714693,"0364404_3714693"
361369,3708095,"0361369_3708095"
382995,3741647,"0382995_3741647"
357261,3592932,"0357261_3592932"
356863,3688101,"0356863_3688101"
356988,3688093,"0356988_3688093"
357112,3688186,"0357112_3688186"
359000,3598556,"0359000_3598556"
359203,3689149,"0359203_3689149"
359324,3689148,"0359324_3689148"
359548,3689092,"0359548_3689092"
352334,3689523,"0352334_3689523"
352373,3689528,"0352373_3689528"
356911,3687919,"0356911_3687919"
357216,3688589,"0357216_3688589"
359304,3598742,"0359304_3598742"
359338,3598762,"0359338_3598762"
359370,3598768,"0359370_3598768"
359405,3598783,"0359405_3598783"
359445,3689149,"0359445_3689149"
373419,3733175,"0373419_3733175"
374584,3733012,"0374584_3733012"
374640,3732947,"0374640_3732947"
374640,3732902,"0374663_3732902"
376385,3738119,"0376385_3738119"
376672,3734387,"0376672_3734387"
376696,3734463,"0376696_3734463"
376827,3734422,"0376827_3734422"
376870,3734411,"0376870_3734411"
358925,3598485,"0358925_3598485"
358975,3598531,"0358975_3598531"
358998,3598507,"0358998_3598507"
359030,3598578,"0359030_3598578"
352452,3689502,"0352452_3689502"
340927,3672799,"0340927_3672799"
340938,3673917,"0340938_3673917"
340362,3671273,"0340362_3671273"
340387,3671286,"0340387_3671286"
340432,3671311,"0340432_3671311"
340476,3671318,"0340476_3671318"
340502,3671331,"0340502_3671331"
340571,3671350,"0340571_3671350"
340616,3671356,"0340616_3671356"
340660,3671356,"0340660_3671356"
375855,3734522,"0375855_3734522"
375858,3734566,"0037858_3734566"
352302,3689516,"0352302_3689516"
408762,3743364,"0408762_3743364"
375826,3734443,"0375826_3734443"
375881,3734689,"0375881_3734689"
376760,3734447,"0376760_3734447"
340413,3671299,"0340413_3671299"
340533,3671337,"0340533_3671337"
356727,3590430,"0356727_3590430"
358598,3688970,"0358598_3688970"
358713,3688993,"0358713_3688993"
358839,3689012,"0358839_3689012"
358963,3689020,"0358963_3689020"
357529,3597529,"0357529_3597410"
357594,3597445,"0357594_3597445"
356910,3687612,"0356910_3687612"
357138,3687549,"0357138_3687549"
375219,3687536,"0357219_3687536"
357088,3687838,"0357088_3687838"
357964,3591631,"0357964_3591631"
358091,3597651,"0358091_3597651"
358202,3597661,"0358202_3597661"
358448,3597635,"0358448_3597635"
371309,3731804,"0371309_3731804"
371307,3731805,"0371307_3731805"
340627,3743734,"0340627_3743734"
340627,3743734,"0340627_3743734"
340631,3743728,"0340631_3743728"
371551,3733103,"0371551_3733103"
380032,3742996,"0380032_3742996"
345741,3685943,"0345741_3685943"
347638,3687668,"0347636_3687668"
345539,3685643,"0345539_3685643"
340620,3743750,"0340620_3743750"
340627,3743740,"0340627_3743740"
357020,3592789,"0357020_3592789"
356891,3592819,"0356891_3592819"
357080,3592851,"0357080_3592851"
357150,3592876,"0357150_3592876"
376505,3708720,"0376505_3708720"
369925,3726775,"0369925_3726775"
370201,3726835,"0370201_3726835"
370707,3726985,"0370707_3726985"
371129,3727139,"0371129_3727139"
371491,3727293,"0371491_3727293"
370516,3729616,"0370516_3729616"
371244,3738443,"0371244_3738443"
376273,3709205,"0376273_3709205"
370982,3729523,"0370982_3729523"
356837,3687911,"0356837_3687911"
356900,3687910,"0356900_3687910"
356959,3687929,"0356959_3687929"
357024,3687867,"0357024_3687867"
371180,3731965,"0371180_3731965"
371950,3727214,"0371950_3727214"
371343,3734116,"0371343_3734116"
371734,3736114,"0371734_3736114"
371758,3735979,"0371758_3735979"
339177,3707349,"0339177_3707349"
414297,3621559,"0414297_3621559"
373301,3708530,"0373301_3708530"
412925,3625701,"0412925_3625701"
413818,3624085,"0413818_3624085"
416086,3618141,"0416086_3618141"
417146,3617382,"0417146_3617382"
417578,3617229,"0417578_3617229"
413041,3623586,"0413041_3623586"
414550,3620025,"0414550_3620025"
412379,3628526,"0412379_3628526"
416941,3618154,"0416941_3618154"
367819,3725838,"0367819_3725838"
364789,3727473,"0364789_3727473"
364792,3727612,"0364792_3727612"
364792,3727566,"0364792_3727566"
364792,3727520,"0364792_3727520"
364799,3727654,"0364799_3727654"
364805,3727692,"0364805_3727692"
325720,3707291,"0325720_3707291"
401969,3744411,"0401969_3744411"
400871,3743822,"0400871_3743822"
403341,3745149,"0403341_3745149"
326116,3706118,"0326116_3706118"
402792,3744854,"0402792_3744854"
403067,3745001,"0403067_3745001"
326214,3705531,"0326214_3705531"
361322,3708107,"0361322_3708107"
362533,3708267,"0362533_3708267"
361142,3732612,"0361142_3732612"
346061,3726769,"0346061_3726769"
346483,3728417,"0346483_3728417"
346905,3730064,"0346905_3730064"
359979,3735583,"0359979_3735583"
358313,3735720,"0358313_3735720"
358319,3736119,"0358319_3736119"
358320,3736521,"0358320_3736521"
358338,3736919,"0358338_3736919"
360946,3743595,"0360946_3743595"
392892,3721587,"0392892_3721587"
392902,3721416,"0392902_3721416"
392946,3721666,"0392946_3721666"
392947,3721729,"0392947_3721729"
392950,3721305,"0392950_3721305"
392993,3721798,"0392993_3721798"
393026,3721939,"0393026_3721939"
393031,3721877,"0393031_3721877"
397104,3715424,"0397104_3715424"
397137,3715524,"0397137_3715524"
397162,3715588,"0397162_3715588"
397186,3715650,"0397186_3715650"
397240,3715771,"0397240_3715771"
397295,3715901,"0397295_3715901"
397318,3715956,"0397318_3715956"
397337,3716015,"0397337_3716015"
396024,3684939,"0396024_3684939"
396190,3685052,"0396190_3685052"
396356,3685199,"0396356_3685199"
396523,3685390,"0396523_3685390"
396689,3685572,"0396689_3685572"
396979,3686011,"0396979_3686011"
397134,3686204,"0397134_3686204"
397257,3686424,"0397257_3686424"
397348,3686622,"0397348_3686622"
378525,3588894,"0378525_3588894"
341124,3741520,"0341124_3741520"
360496,3740039,"0360496_3740039"
384531,3585796,"0384531_3585796"
384701,3585853,"0384701_3585853"
384889,3585954,"0384889_3585954"
385019,3586096,"0385019_3586096"
385072,3586174,"0385072_3586174"
385115,3586234,"0385115_3586234"
385176,3586321,"0385176_3586321"
383348,3587361,"0383348_3587361"
383446,3587278,"0383446_3587278"
363719,3639898,"0363719_3639898"
364001,3639005,"0364001_3639005"
379856,3602918,"0379856_3602918"
379933,3602774,"0379933_3602774"
379955,3597964,"0379955_3597964"
379997,3602615,"0379997_3602615"
380028,3602677,"0380028_3602677"
380065,3602759,"0380065_3602759"
380136,3602957,"0380136_3602957"
380177,3603021,"0380177_3603021"
390175,3616093,"0390175_3616093"
390385,3616193,"0390385_3616193"
391208,3616612,"0391208_3616612"
381122,3611527,"0381122_3611527"
350255,3618757,"0350255_3618757"
387229,3632207,"0387229_3632207"
378360,3588836,"0378360_3588836"
378728,3588977,"0378728_3588977"
380092,3602445,"0380092_3602445"
355516,3683902,"0355516_3683902"
355522,3683990,"0355522_3683990"
373268,3735857,"0373268_3735857"
378912,3735703,"0378912_3735703"
381108,3741846,"0381108_3741846"
381183,3741864,"0381183_3741864"
397648,3734484,"0397648_3734484"
412721,3633881,"0412721_3633881"
412788,3633556,"0412788_3633556"
414157,3624188,"0414157_3624188"
365020,3709237,"0365020_3709237"
374947,3601955,"0374947_3601955"
388666,3593007,"0388666_3593007"
388930,3592908,"0388930_3592908"
389045,3592694,"0389045_3592694"
389091,3592572,"0389091_3592572"
389160,3592479,"0389160_3592479"
389223,3592372,"0389223_3592372"
389272,3592260,"0389272_3592260"
389333,3592152,"0389333_3592152"
389389,3592040,"0389389_3592040"
388603,3590114,"0388603_3590114"
375251,3734441,"0375251_3734441"
300027,3703553,"0300027_3703553"
311248,3630052,"0311248_3630052"
311350,3630273,"0311350_3630273"
311553,3630720,"0311553_3630720"
311752,3631167,"0311752_3631167"
311954,3631616,"0311954_3631616"
326410,3704358,"0326410_3704358"
326801,3702011,"0326801_3702011"
339279,3725993,"0339279_3725993"
345945,3727379,"0345945_3727379"
345945,3727379,"0345945_3727379"
346207,3680306,"0346207_3680306"
350848,3620403,"0350848_3620403"
350874,3620410,"0350874_3620410"
350897,3620417,"0350897_3620417"
350963,3620435,"0350963_3620435"
351004,3620441,"0351004_3620441"
351043,3620447,"0351043_3620447"
352140,3715725,"0352140_3715725"
352242,3715858,"0352242_3715858"
352337,3715960,"0352337_3715960"
352420,3716030,"0352420_3716030"
352490,3716106,"0352490_3716106"
352572,3716214,"0352572_3716214"
352617,3716290,"0352617_3716290"
352674,3716379,"0352674_3716379"
352712,3716481,"0352712_3716481"
352769,3716601,"0352769_3716601"
353902,3674818,"0353902_3674818"
354471,3674611,"0354471_3674611"
354493,3675100,"0354493_3675100"
354862,3675212,"0354862_3675212"
355284,3675331,"0355284_3675331"
355582,3675462,"0355582_3675462"
355947,3675578,"0355947_3675578"
356333,3675700,"0356333_3675700"
356537,3591406,"0356537_3591406"
356623,3591283,"0356623_3591283"
356692,3675828,"0356692_3675828"
356702,3591165,"0356702_3591165"
356774,3591040,"0356774_3591040"
356867,3590932,"0356867_3590932"
356946,3590813,"0356946_3590813"
357026,3590697,"0357026_3590697"
357076,3675952,"0357076_3675952"
357109,3590581,"0357109_3590581"
357189,3590464,"0357189_3590464"
357442,3689218,"0357442_3689218"
357474,3689199,"0357474_3689199"
357637,3712645,"0357637_3712645"
357742,3650944,"0357742_3650944"
357794,3651759,"0357794_3651759"
357814,3652616,"0357814_3652616"
357827,3685892,"0357827_3685892"
357864,3650077,"0357864_3650077"
357867,3685862,"0357867_3685862"
357875,3644767,"0357875_3644767"
357883,3653053,"0357883_3653053"
357918,3653460,"0357918_3653460"
358159,3644858,"0358159_3644858"
358458,3677367,"0358458_3677367"
358526,3644063,"0358526_3644063"
358563,3643954,"0358563_3643954"
358566,3643823,"0358566_3643823"
358608,3677141,"0358608_3677141"
358656,3643710,"0358656_3643710"
358665,3643591,"0358665_3643591"
358765,3676980,"0358765_3676980"
358876,3647917,"0358876_3647917"
358876,3647965,"0358876_3647965"
358877,3647863,"0358877_3647863"
358878,3648018,"0358878_3648018"
358886,3676760,"0358886_3676760"
358886,3648147,"0358886_3648147"
358893,3648185,"0358893_3648185"
358896,3648102,"0358896_3648102"
358900,3648048,"0358900_3648048"
359009,3642138,"0359009_3642138"
359042,3676563,"0359042_3676563"
359195,3600019,"0359195_3600019"
359245,3676360,"0359245_3676360"
359400,3633902,"0359400_3633902"
359415,3676146,"0359415_3676146"
359677,3675715,"0359677_3675715"
359734,3675500,"0359734_3675500"
359856,3675917,"0359856_3675917"
359994,3592139,"0359994_3592139"
360086,3647458,"0360086_3647458"
360418,3592422,"0360418_3592422"
360534,3592443,"0360534_3592443"
361029,3581206,"0361029_3581206"
361288,3599823,"0361288_3599823"
361410,3599719,"0361410_3599719"
361500,3599677,"0361500_3599677"
361553,3599790,"0361553_3599790"
361593,3707955,"0361593_3707955"
361622,3584570,"0361622_3584570"
361754,3640902,"0361754_3640902"
361895,3600010,"0361895_3600010"
361993,3599817,"0361993_3599817"
362005,3599895,"0362005_3599895"
362006,3599877,"0362006_3599877"
362010,3599820,"0362010_3599820"
362103,3584529,"0362103_3584529"
362252,3640842,"0362252_3640842"
362413,3677893,"0362413_3677893"
362518,3619175,"0362518_3619175"
362593,3589103,"0362593_3589103"
362666,3616640,"0362666_3616640"
362699,3708323,"0362699_3708323"
362719,3640590,"0362719_3640590"
362815,3619074,"0362815_3619074"
362875,3640897,"0362875_3640897"
362921,3708285,"0362921_3708285"
363041,3619172,"0363041_3619172"
363272,3617826,"0363272_3617826"
363272,3617926,"0363272_3617926"
364066,3706923,"0364066_3706923"
364069,3707230,"0364069_3707230"
364233,3617903,"0364233_3617903"
364374,3714723,"0364374_3714723"
364381,3714763,"0364381_3714763"
364413,3617808,"0364413_3617808"
364543,3617676,"0364543_3617676"
364643,3599435,"0364643_3599435"
364766,3599584,"0364766_3599584"
364792,3599594,"0364792_3599594"
364818,3599613,"0364818_3599613"
364834,3599629,"0364834_3599629"
364975,3641619,"0364975_3641619"
365165,3700696,"0365165_3700696"
365183,3700364,"0365183_3700364"
365187,3700528,"0365187_3700528"
365198,3700210,"0365198_3700210"
365207,3700132,"0365207_3700132"
365305,3721943,"0365305_3721943"
365674,3611206,"0365674_3611206"
366023,3730468,"0366023_3730468"
366119,3588329,"0366119_3588329"
366239,3587302,"0366239_3587302"
366381,3589781,"0366381_3589781"
366389,3602525,"0366389_3602525"
366667,3712788,"0366667_3712788"
366701,3712678,"0366701_3712678"
366993,3706477,"0366993_3706477"
367035,3706650,"0367035_3706650"
367503,3710144,"0367503_3710144"
367746,3705559,"0367746_3705559"
368021,3675354,"0368021_3675354"
368311,3735447,"0368311_3735447"
368471,3705830,"0368471_3705830"
368731,3726019,"0368731_3726019"
368754,3598670,"0368754_3598670"
368793,3711700,"0368793_3711700"
368871,3598168,"0368871_3598168"
368937,3603557,"0368937_3603557"
368970,3602482,"0368970_3602482"
369211,3613014,"0369211_3613014"
369312,3663053,"0369312_3663053"
369502,3613093,"0369502_3613093"
369700,3598900,"0369700_3598900"
369704,3612997,"0369704_3612997"
369901,3612862,"0369901_3612862"
370038,3612660,"0370038_3612660"
370058,3587576,"0370058_3587576"
370191,3612476,"0370191_3612476"
370275,3613102,"0370275_3613102"
370279,3587459,"0370279_3587459"
370384,3613944,"0370384_3613944"
370390,3613704,"0370390_3613704"
370440,3613608,"0370440_3613608"
370488,3613968,"0370488_3613968"
370492,3613512,"0370492_3613512"
370544,3701281,"0370544_3701281"
370600,3613984,"0370600_3613984"
370653,3701348,"0370653_3701348"
370761,3701404,"0370761_3701404"
370876,3701483,"0370876_3701483"
370987,3701549,"0370987_3701549"
371150,3599383,"0371150_3599383"
371206,3664783,"0371206_3664783"
371215,3664704,"0371215_3664704"
371222,3731826,"0371222_3731826"
371235,3664661,"0371235_3664661"
371243,3664548,"0371243_3664548"
371284,3664430,"0371284_3664430"
371306,3664303,"0371306_3664303"
371332,3663975,"0371332_3663975"
371335,3664142,"0371335_3664142"
371378,3663788,"0371378_3663788"
371388,3703947,"0371388_3703947"
371437,3663526,"0371437_3663526"
371524,3601945,"0371524_3601945"
371607,3600897,"0371607_3600897"
371760,3706038,"0371760_3706038"
371832,3704426,"0371832_3704426"
372044,3596931,"0372044_3596931"
372087,3706923,"0372087_3706923"
372108,3663512,"0372108_3663512"
372301,3596868,"0372301_3596868"
372353,3596824,"0372353_3596824"
372503,3596711,"0372503_3596711"
372654,3596719,"0372654_3596719"
373013,3596604,"0373013_3596604"
373013,3596604,"0373013_3596604"
373153,3596556,"0373153_3596556"
373302,3596507,"0373302_3596507"
373302,3596507,"0373302_3596507"
373455,3596459,"0373455_3596459"
373455,3596459,"0373455_3596459"
375125,3597566,"0375125_3597566"
375127,3597567,"0375127_3597567"
375146,3597618,"0375146_3597618"
375182,3597646,"0375182_3597646"
375185,3734364,"0375185_3734364"
375242,3597648,"0375242_3597648"
375251,3577528,"0375251_3577528"
375286,3597663,"0375286_3597663"
375298,3597563,"0375298_3597563"
375323,3597617,"0375323_3597617"
376316,3602018,"0376316_3602018"
376380,3697874,"0376380_3697874"
376420,3698115,"0376420_3698115"
376741,3688969,"0376741_3688969"
376855,3660000,"0376855_3660000"
376881,3660115,"0376881_3660115"
376897,3688961,"0376897_3688961"
376907,3660228,"0376907_3660228"
376943,3660347,"0376943_3660347"
377010,3660992,"0377010_3660992"
377058,3660461,"0377058_3660461"
377061,3688973,"0377061_3688973"
377065,3664101,"0377065_3664101"
377115,3661201,"0377115_3661201"
377186,3661302,"0377186_3661302"
377224,3688970,"0377224_3688970"
377327,3661432,"0377327_3661432"
377952,3692729,"0377952_3692729"
378037,3693143,"0378037_3693143"
378063,3692930,"0378063_3692930"
378623,3616121,"0378623_3616121"
378702,3616315,"0378702_3616315"
378871,3616128,"0378871_3616128"
378996,3616152,"0378996_3616152"
379193,3704781,"0379193_3704781"
379642,3740559,"0379642_3740559"
379655,3740575,"0379655_3740575"
379711,3740607,"0379711_3740607"
379734,3740619,"0379734_3740619"
380089,3702077,"0380089_3702077"
380142,3703489,"0380142_3703489"
380338,3703188,"0380338_3703188"
380498,3741921,"0380498_3741921"
380520,3591207,"0380520_3591207"
380620,3600992,"0380620_3600992"
380741,3600890,"0380741_3600890"
380830,3600757,"0380830_3600757"
380951,3691506,"0380951_3691506"
380970,3741937,"0380970_3741937"
381046,3741912,"0381046_3741912"
381046,3741920,"0381046_3741920"
381048,3741917,"0381048_3741917"
381108,3741846,"0381108_3741846"
381183,3741864,"0381183_3741864"
381216,3741893,"0381216_3741893"
381247,3706599,"0381247_3706599"
381252,3609056,"0381252_3609056"
381257,3741787,"0381257_3741787"
381265,3691812,"0381265_3691812"
381284,3741767,"0381284_3741767"
381402,3706757,"0381402_3706757"
381587,3706788,"0381587_3706788"
381593,3692049,"0381593_3692049"
381626,3740951,"0381626_3740951"
381676,3740861,"0381676_3740861"
381704,3740779,"0381704_3740779"
381715,3740666,"0381715_3740666"
381731,3740452,"0381731_3740452"
381731,3740354,"0381731_3740354"
381731,3740268,"0381731_3740268"
381731,3740190,"0381731_3740190"
381731,3740081,"0381731_3740081"
381749,3740561,"0381749_3740561"
381782,3707677,"0381782_3707677"
381792,3706915,"0381792_3706915"
381900,3692178,"0381900_3692178"
382310,3692200,"0382310_3692200"
382469,3711761,"0382469_3711761"
382555,3592932,"0382555_3592932"
382673,3591462,"0382673_3591462"
382723,3596562,"0382723_3596562"
382861,3594413,"0382861_3594413"
382988,3596116,"0382988_3596116"
383002,3593926,"0383002_3593926"
383009,3595355,"0383009_3595355"
383024,3596548,"0383024_3596548"
383138,3705654,"0383138_3705654"
383215,3705833,"0383215_3705833"
383291,3706009,"0383291_3706009"
383635,3706783,"0383635_3706783"
383653,3659042,"0383653_3659042"
383795,3659506,"0383795_3659506"
384017,3660288,"0384017_3660288"
384041,3707701,"0384041_3707701"
384045,3659968,"0384045_3659968"
384276,3659297,"0384276_3659297"
384573,3594008,"0384573_3594008"
384620,3591606,"0384620_3591606"
384683,3591610,"0384683_3591610"
384733,3594115,"0384733_3594115"
384854,3659570,"0384854_3659570"
384857,3594099,"0384857_3594099"
385334,3659715,"0385334_3659715"
385797,3659800,"0385797_3659800"
386339,3659961,"0386339_3659961"
386915,3594431,"0386915_3594431"
387446,3662276,"0387446_3662276"
388095,3678821,"0388095_3678821"
388360,3678472,"0388360_3678472"
388547,3594710,"0388547_3594710"
388617,3678140,"0388617_3678140"
388884,3677788,"0388884_3677788"
388994,3592757,"0388994_3592757"
389076,3590187,"0389076_3590187"
389237,3593728,"0389237_3593728"
389279,3713634,"0389279_3713634"
389395,3677139,"0389395_3677139"
389400,3591985,"0389400_3591985"
389415,3589074,"0389415_3589074"
389675,3676901,"0389675_3676901"
390822,3594870,"0390822_3594870"
391052,3715529,"0391052_3715529"
391131,3595102,"0391131_3595102"
391212,3715549,"0391212_3715549"
391606,3628104,"0391606_3628104"
391708,3627728,"0391708_3627728"
391971,3639477,"0391971_3639477"
392293,3595615,"0392293_3595615"
392300,3595827,"0392300_3595827"
392311,3595408,"0392311_3595408"
392727,3626969,"0392727_3626969"
392727,3626969,"0392727_3626969"
392810,3587246,"0392810_3587246"
393462,3610712,"0393462_3610712"
393762,3610588,"0393762_3610588"
394122,3729433,"0394122_3729433"
394510,3629249,"0394510_3629249"
394574,3629350,"0394574_3629350"
394576,3629650,"0394576_3629650"
394644,3629450,"0394644_3629450"
394695,3629550,"0394695_3629550"
394733,3584506,"0394733_3584506"
394777,3707972,"0394777_3707972"
394827,3629749,"0394827_3629749"
394849,3729641,"0394849_3729641"
394884,3584457,"0394884_3584457"
394893,3629950,"0394893_3629950"
394936,3630053,"0394936_3630053"
395049,3729767,"0395049_3729767"
395050,3584436,"0395050_3584436"
395354,3729559,"0395354_3729559"
395574,3583531,"0395574_3583531"
396210,3582982,"0396210_3582982"
396387,3582913,"0396387_3582913"
396554,3582893,"0396554_3582893"
397648,3645940,"0397648_3645940"
397651,3645005,"0397651_3645005"
397662,3646045,"0397662_3646045"
397672,3646808,"0397672_3646808"
397677,3646163,"0397677_3646163"
397684,3646223,"0397684_3646223"
397694,3646282,"0397694_3646282"
397713,3646337,"0397713_3646337"
397720,3646395,"0397720_3646395"
397732,3646456,"0397732_3646456"
399563,3646741,"0399563_3646741"
399578,3646674,"0399578_3646674"
399582,3646616,"0399582_3646616"
399593,3646556,"0399593_3646556"
399617,3646498,"0399617_3646498"
399625,3646446,"0399625_3646446"
399643,3646383,"0399643_3646383"
399662,3646336,"0399662_3646336"
399672,3646275,"0399672_3646275"
399694,3646225,"0399694_3646225"
399820,3644276,"0399820_3644276"
399875,3643869,"0399875_3643869"
399879,3643903,"0399879_3643903"
399884,3643976,"0399884_3643976"
399887,3644017,"0399887_3644017"
399888,3644117,"0399888_3644117"
399895,3644235,"0399895_3644235"
399896,3644080,"0399896_3644080"
399898,3644191,"0399898_3644191"
399912,3644452,"0399912_3644452"
399924,3644048,"0399924_3644048"
401316,3647256,"0401316_3647256"
401421,3744117,"0401421_3744117"
401472,3647333,"0401472_3647333"
401821,3677434,"0401821_3677434"
402451,3644945,"0402451_3644945"
402628,3648782,"0402628_3648782"
364016,3668598,"0364016_3668598"
403378,3628914,"0403378_3628914"
370333,3613800,"0370333_3613800"
363682,3668336,"0363682_3668336"
363718,3668363,"0363718_3668363"
363755,3668350,"0363755_3668350"
363812,3668425,"0363812_3668425"
363871,3668452,"0363871_3668452"
363928,3668492,"0363928_3668492"
334901,3756204,"0334901_3756204"
337565,3725060,"0337565_3725060"
341443,3726631,"0341443_3726631"
344236,3726517,"0344236_3726517"
344236,3726517,"0344236_3726517"
352672,3645781,"0352672_3645781"
363617,3668211,"0363617_3668211"
380858,3611391,"0380858_3611391"
381078,3741017,"0381078_3741017"
335455,3758886,"0335455_3758886"
335455,3758886,"0335455_3758886"
328874,3722976,"0328874_3722976"
333125,3724027,"0333125_3724027"
334675,3757856,"0334675_3757856"
335185,3755436,"0335185_3755436"
335191,3724650,"0335191_3724650"
349782,3718726,"0349782_3718726"
351323,3716636,"0351323_3716636"
352137,3716646,"0352137_3716646"
352910,3716861,"0352910_3716861"
353680,3717085,"0353680_3717085"
354397,3716752,"0354397_3716752"
387432,3664470,"0387432_3664470"
388385,3665382,"0388385_3665382"
394373,3647572,"0394373_3647572"
388824,3629673,"0388824_3629673"
388950,3629853,"0388950_3629853"
389048,3629986,"0389048_3629986"
396091,3638322,"0396091_3638322"
396384,3638639,"0396384_3638639"
396599,3638824,"0396599_3638824"
396752,3634970,"0396752_3634970"
397185,3639370,"0397185_3639370"
397576,3639730,"0397576_3639730"
378403,3617858,"0378403_3617858"
378646,3607999,"0378646_3607999"
378883,3618112,"0378883_3618112"
379844,3618639,"0379844_3618639"
390150,3586813,"0390150_3586813"
390251,3586813,"0390251_3586813"
390355,3586816,"0390355_3586816"
390586,3586801,"0390586_3586801"
390750,3586770,"0390750_3586770"
390898,3586721,"0390898_3586721"
391059,3586669,"0391059_3586669"
391288,3586570,"0391288_3586570"
391684,3586617,"0391684_3586617"
371542,3733088,"0371542_3733088"
371551,3733103,"0371551_3733103"
371577,3733131,"0371577_3733131"
371585,3733131,"0371585_3733131"
371870,3733681,"0371870_3733681"
372507,3733960,"0372507_3733960"
334251,3757932,"0334251_3757932"
371452,3733876,"0371452_3733876"
371529,3733857,"0371529_3733857"
371711,3733924,"0371711_3733924"
371805,3733931,"0371805_3733931"
371815,3734003,"0371815_3734003"
371861,3733956,"0371861_3733956"
404660,3626480,"0404660_3626480"
358353,3644690,"0358353_3644690"
404853,3625929,"0404853_3625929"
360086,3647458,"0360086_3647458"
360101,3647351,"0360101_3647351"
360101,3647351,"0360101_3647351"
360121,3647229,"0360121_3647229"
360121,3647229,"0360121_3647229"
360138,3647161,"0360138_3647161"
360138,3647161,"0360138_3647161"
360151,3647101,"0360151_3647101"
360151,3647101,"0360151_3647101"
360155,3647938,"0360155_3647038"
360155,3647038,"0360155_3647038"
360158,3646983,"0360158_3646983"
360158,3646983,"0360158_3646983"
360984,3641266,"0360984_3641266"
360984,3641266,"0360984_3641266"
362849,3647248,"0362849_3647248"
362893,3647301,"0362893_3647301"
362944,3647336,"0362944_3647336"
362980,3647357,"0362980_3647357"
362981,3647375,"0362981_3647375"
363064,3647469,"0363064_3647469"
363097,3647516,"0363097_3647516"
363143,3647545,"0363143_3647545"
364879,3639087,"0364879_3639087"
366189,3639527,"0366189_3639527"
366189,3639527,"0366189_3639527"
366726,3639734,"0366726_3639734"
366726,3639734,"0366726_3639734"
367603,3640020,"0367603_3640020"
367603,3640020,"0367603_3640020"
368385,3640331,"0368385_3640331"
369375,3640678,"0369375_3640678"
369375,3640678,"0369375_3640678"
370131,3640958,"0370131_3640958"
371692,3641583,"0371692_3641583"
371692,3641583,"0371692_3641583"
372407,3641932,"0372407_3641932"
372407,3641932,"0372407_3641932"
373550,3635466,"0373550_3635466"
373684,3637692,"0373684_3637692"
373701,3637551,"0373701_3637551"
373701,3637418,"0373701_3637418"
373745,3637147,"0373745_3637147"
362207,3639959,"0362207_3639959"
362241,3639656,"0362241_3639656"
362547,3640297,"0362547_3640297"
362630,3639649,"0362630_3639649"
382110,3685655,"0382110_3685655"
380830,3600757,"0380830_3600757"
380891,3600888,"0380891_3600888"
337794,3725506,"0337794_3725506"
338097,3725592,"0338097_3725592"
338407,3725663,"0338407_3725663"
381083,3600131,"0381083_3600131"
394715,3665335,"0394715_3665335"
395803,3665136,"0395803_3665136"
395991,3664714,"0395991_3664714"
396029,3664484,"0396029_3664484"
396084,3664248,"0396084_3664248"
377002,3664311,"0377002_3664311"
374772,3661682,"0374772_3661682"
376969,3664058,"0376969_3664058"
374905,3661014,"0374905_3661014"
342087,3682840,"0342087_3682740"
346202,3727318,"0346202_3727318"
359260,3733100,"0359260_3733100"
366000,3611802,"0366000_3611802"
366050,3611902,"0366050_3611902"
366099,3612001,"0366099_3612001"
392965,3588348,"0392965_3588348"
366021,3607102,"0366021_3607102"
379970,3610995,"0379970_3610995"
358563,3643513,"0358563_3643513"
358563,3643513,"0358563_3643513"
347790,3730294,"0347790_3730294"
347049,3623007,"0347049_3623007"
339921,3744125,"0339921_3744125"
340809,3741808,"0340809_3741808"
364524,3599392,"0364524_3599392"
359432,3633704,"0359432_3633704"
359479,3633302,"0359479_3633302"
359569,3633109,"0359569_3633109"
374606,3600852,"0374606_3600852"
367337,3707456,"0367337_3707456"
373888,3600303,"0373888_3600303"
359178,3643633,"0359178_3643633"
359178,3643633,"0359178_3643633"
358600,3645435,"0358600_3645435"
367085,3706810,"0367085_3706810"
367145,3706960,"0367145_3706960"
367210,3707120,"0367210_3707120"
367270,3707280,"0367270_3707280"
367385,3707599,"0367385_3707599"
389978,3646800,"0389978_3646800"
393421,3654714,"0393421_3654714"
393425,3654660,"0393425_3654660"
393429,3654689,"0393429_3654689"
393430,3654633,"0393430_3654633"
366465,3728738,"0366465_3728738"
363522,3639404,"0363522_3639404"
363839,3639187,"0363839_3639187"
358100,3644217,"0358100_3644217"
359185,3638595,"0359185_3638595"
359212,3638641,"0359212_3638641"
359271,3638724,"0359271_3638724"
359302,3638760,"0359302_3638760"
359708,3638042,"0359708_3638042"
359723,3638057,"0359723_3638057"
359742,3638064,"0359742_3638064"
359760,3638076,"0359760_3638076"
359787,3638084,"0359787_3638084"
342064,3682805,"0342064_3682805"
342119,3682838,"0342119_3682838"
342150,3682874,"0342150_3682874"
342173,3682895,"0342173_3682895"
342195,3682917,"0342195_3682917"
342251,3683018,"0342251_3683018"
349518,3692339,"0349518_3692339"
349803,3692452,"0349803_3692452"
349865,3692452,"0349865_3692452"
349944,3695466,"0349944_3695466"
349996,3692494,"0349996_3692494"
358292,3697216,"0358292_3697216"
358343,3697277,"0358343_3697277"
358357,3697298,"0358357_3697298"
358422,3697348,"0358422_3697348"
358441,3697436,"0358441_3697436"
358950,3697471,"0358950_3697471"
336430,3610086,"0336430_3610086"
392387,3627878,"0392387_3627878"
375863,3734457,"0375863_3734457"
359354,3634077,"0359354_3634077"
375249,3599219,"0375249_3599219"
380999,3600284,"0380999_3600284"
357659,3648411,"0357659_3648411"
375193,3599199,"0375193_3599199"
379079,3600162,"0379079_3600162"
337191,3731931,"0337191_3731931"
390023,3623482,"0390023_3623482"
390130,3611743,"0390130_3611743"
338719,3725778,"0338719_3725778"
339335,3725958,"0339335_3725958"
339641,3720056,"0339641_3720056"
396395,3685260,"0396395_3685260"
396479,3685408,"0396479_3685408"
396542,3685538,"0396542_3685538"
396690,3685788,"0396690_3685788"
396943,3686083,"0396943_3686083"
370131,3640958,"0370131_3640958"
378600,3616233,"0378600_3616233"
358816,3643679,"0358816_3643679"
358703,3643628,"0358703_3643628"
358886,3643686,"0358886_3643686"
361305,3640940,"0361305_3640940"
390019,3623414,"0390019_3623414"
390019,3623438,"0390019_3623438"
390023,3623462,"0390023_3623462"
390033,3623498,"0390033_3623498"
390047,3623510,"0390047_3623510"
390068,3622530,"0390068_3622530"
390069,3623530,"0390069_3623530"
390095,3623552,"0390095_3623552"
390129,3623586,"0390129_3623586"
390177,3623618,"0390177_3623618"
390763,3621725,"0390763_3621725"
390780,3621735,"0390780_3621735"
390814,3621750,"0390814_3621750"
390833,3621758,"0390833_3621758"
390861,3621769,"0390861_3621769"
390886,3621486,"0390886_3621486"
390907,3621798,"0390907_3621798"
390936,3621823,"0390936_3621823"
390955,3621843,"0390955_3621843"
390977,3601867,"0390977_3601867"
358703,3643628,"0358703_3643628"
358816,3643679,"0358816_3643679"
358886,3643686,"0358886_3643686"
358865,3642090,"0358865_3642090"
363045,3689001,"0363045_3689001"
363082,3688915,"0363082_3688915"
363124,3688655,"0363124_3688655"
363150,3688620,"0363150_3688620"
363168,3688543,"0363168_3688543"
363246,3688461,"0363246_3688461"
396627,3685682,"0396627_3685682"
396795,3685956,"0396795_3685956"
338427,3738462,"0338427_3738462"
408700,3743415,"0408700_3743415"
341234,3527789,"0341234_3527789"
363038,3640034,"0363038_3640034"
363380,3639605,"0363380_3639605"
363397,3639302,"0363397_3639302"
363476,3639706,"0363476_3639706"
363562,3639810,"0363562_3639810"
363989,3639005,"0363989_3639106"
375936,3688977,"0375936_3688977"
384651,3626961,"0384651_3626961"
387646,3629102,"0387646_3629102"
387696,3629174,"0387696_3629174"
387704,3627990,"0387704_3627990"
387704,3629015,"0387704_3629015"
387704,3629035,"0387704_3629035"
387704,3629055,"0387704_3629055"
387704,3629074,"0387704_3629074"
388349,3629173,"0388349_3629173"
388527,3629211,"0388527_3629211"
388638,3629361,"0388638_3629361"
389157,3630105,"0389157_3630105"
389279,3630263,"0389279_3630263"
389373,3626420,"0389373_3626420"
389375,3630379,"0389375_3630379"
389442,3626552,"0389442_3626552"
389498,3626654,"0389498_3626654"
389555,3626751,"0389555_3626751"
389611,3626860,"0389611_3626860"
389712,3627086,"0389712_3627086"
389780,3627223,"0389780_3627223"
389829,3627327,"0389829_3627327"
392913,3643572,"0392913_3643572"
392950,3643746,"0392950_3643746"
393070,3643911,"0393070_3643911"
393087,3643964,"0393087_3643964"
393221,3644095,"0393221_3644095"
393308,3644212,"0393308_3644212"
393424,3644301,"0393424_3644301"
393512,3644394,"0393512_3644394"
397377,3639538,"0397377_3639538"
396806,3656500,"0396806_3656500"
376102,3688980,"0376102_3688980"
376408,3688983,"0376408_3688983"
376577,3688970,"0376577_3688970"
